DID,Dist,PID,Dir,Apara,r,slope,cant,LW,RW
1,0,1,-3.14925267943792,0,0,0,0,0.1,0.1
2,1,2,-3.14925267943792,0,0,0,0,0.1,0.1
3,2,3,-3.14925267943792,0,0,0,0,0.1,0.1
4,3,4,-3.14925640786342,0,0,0,0,0.1,0.1
5,4,5,-3.14925267943792,0,0,0,0,0.1,0.1
6,5,6,-3.01923209602137,0,0,0,0,0.1,0.1
7,6,7,-2.71510362926406,0,0,0,0,0.1,0.1
8,7,8,-2.71510709137345,0,0,0,0,0.1,0.1
9,8,9,-2.71510362926406,0,0,0,0,0.1,0.1
10,9,10,-2.71510709137345,0,0,0,0,0.1,0.1
11,10,11,-2.71510362926406,0,0,0,0,0.1,0.1
12,11,12,-2.30836489808141,0,0,0,0,0.1,0.1
13,12,13,-2.10389990802611,0,0,0,0,0.1,0.1
14,13,14,-2.10389977486805,0,0,0,0,0.1,0.1
15,14,15,-2.10389977486805,0,0,0,0,0.1,0.1
16,15,16,-2.10389737802309,0,0,0,0,0.1,0.1
17,16,17,-2.10389990802611,0,0,0,0,0.1,0.1
18,17,18,-1.70964234751153,0,0,0,0,0.1,0.1
19,18,19,-1.64474563962287,0,0,0,0,0.1,0.1
20,19,20,-1.64474563962287,0,0,0,0,0.1,0.1
21,20,21,-1.64474563962287,0,0,0,0,0.1,0.1
22,21,22,-1.64474563962287,0,0,0,0,0.1,0.1
23,22,23,-1.64474563962287,0,0,0,0,0.1,0.1
24,23,24,-1.64474563962287,0,0,0,0,0.1,0.1
25,24,25,-1.64475429489634,0,0,0,0,0.1,0.1
26,25,26,0,0,0,0,0,0.1,0.1
27,0,27,-4.74665264156812,0,0,0,0,0.1,0.1
28,1,28,-4.74665264156812,0,0,0,0,0.1,0.1
29,2,29,-4.74665264156812,0,0,0,0,0.1,0.1
30,3,30,-5.0704062085623,0,0,0,0,0.1,0.1
31,4,31,-5.07759461292096,0,0,0,0,0.1,0.1
32,5,32,-5.07759567818539,0,0,0,0,0.1,0.1
33,6,33,-5.39542477706448,0,0,0,0,0.1,0.1
34,7,34,-5.88381336347538,0,0,0,0,0.1,0.1
35,8,35,-5.88381336347538,0,0,0,0,0.1,0.1
36,9,36,-5.95579967244703,0,0,0,0,0.1,0.1
37,10,37,-0.0393053195855186,0,0,0,0,0.1,0.1
38,11,38,-0.0393053195855186,0,0,0,0,0.1,0.1
39,12,39,-0.0393053195855186,0,0,0,0,0.1,0.1
40,13,40,-0.0392680561364922,0,0,0,0,0.1,0.1
41,14,41,0,0,0,0,0,0.1,0.1
42,0,42,0,0,0,0,0,0.1,0.1
43,1,43,0,0,0,0,0,0.1,0.1
44,2,44,0,0,0,0,0,0.1,0.1
45,3,45,0,0,0,0,0,0.1,0.1
46,4,46,0,0,0,0,0,0.1,0.1
47,5,47,0,0,0,0,0,0.1,0.1
48,6,48,0,0,0,0,0,0.1,0.1
49,7,49,0,0,0,0,0,0.1,0.1
50,8,50,0,0,0,0,0,0.1,0.1
51,9,51,0,0,0,0,0,0.1,0.1
52,10,52,0,0,0,0,0,0.1,0.1
53,11,53,0,0,0,0,0,0.1,0.1
54,12,54,0,0,0,0,0,0.1,0.1
55,13,55,0,0,0,0,0,0.1,0.1
56,14,56,0,0,0,0,0,0.1,0.1
57,15,57,0,0,0,0,0,0.1,0.1
58,16,58,0,0,0,0,0,0.1,0.1
59,17,59,0,0,0,0,0,0.1,0.1
60,18,60,0,0,0,0,0,0.1,0.1
61,19,61,0,0,0,0,0,0.1,0.1
62,20,62,0,0,0,0,0,0.1,0.1
63,21,63,0,0,0,0,0,0.1,0.1
64,22,64,0,0,0,0,0,0.1,0.1
65,0,65,-4.73300074529391,0,0,0,0,0.1,0.1
66,1,66,-4.73300074529391,0,0,0,0,0.1,0.1
67,2,67,-4.73300074529391,0,0,0,0,0.1,0.1
68,3,68,-4.73300021266169,0,0,0,0,0.1,0.1
69,4,69,-4.73300074529391,0,0,0,0,0.1,0.1
70,5,70,-4.73300021266169,0,0,0,0,0.1,0.1
71,6,71,-4.51865143292935,0,0,0,0,0.1,0.1
72,7,72,-4.3014994098553,0,0,0,0,0.1,0.1
73,8,73,-4.3014994098553,0,0,0,0,0.1,0.1
74,9,74,-4.3014994098553,0,0,0,0,0.1,0.1
75,10,75,-4.30149887722308,0,0,0,0,0.1,0.1
76,11,76,-3.95219973661852,0,0,0,0,0.1,0.1
77,12,77,-3.71309554316511,0,0,0,0,0.1,0.1
78,13,78,-3.71309234737183,0,0,0,0,0.1,0.1
79,14,79,-3.71309554316511,0,0,0,0,0.1,0.1
80,15,80,-3.71309234737183,0,0,0,0,0.1,0.1
81,16,81,-3.71309580948122,0,0,0,0,0.1,0.1
82,17,82,-3.17296626454862,0,0,0,0,0.1,0.1
83,18,83,-3.17119153401194,0,0,0,0,0.1,0.1
84,19,84,-3.17118727295423,0,0,0,0,0.1,0.1
85,20,85,-3.17119126769583,0,0,0,0,0.1,0.1
86,21,86,-3.17118727295423,0,0,0,0,0.1,0.1
87,22,87,-3.17119126769583,0,0,0,0,0.1,0.1
88,23,88,-3.17118727295423,0,0,0,0,0.1,0.1
89,24,89,-3.17119180032805,0,0,0,0,0.1,0.1
90,25,90,0,0,0,0,0,0.1,0.1
91,0,91,-3.14159262925386,0,0,0,0,0.1,0.1
92,1,92,-3.14159262925386,0,0,0,0,0.1,0.1
93,2,93,-3.14159262925386,0,0,0,0,0.1,0.1
94,3,94,-3.14159262925386,0,0,0,0,0.1,0.1
95,4,95,-3.14159262925386,0,0,0,0,0.1,0.1
96,5,96,-3.14159262925386,0,0,0,0,0.1,0.1
97,6,97,-3.14159262925386,0,0,0,0,0.1,0.1
98,7,98,-3.14159262925386,0,0,0,0,0.1,0.1
99,8,99,-3.14159262925386,0,0,0,0,0.1,0.1
100,9,100,-3.14159262925386,0,0,0,0,0.1,0.1
101,10,101,-3.14159262925386,0,0,0,0,0.1,0.1
102,11,102,-3.14159262925386,0,0,0,0,0.1,0.1
103,12,103,-3.14159262925386,0,0,0,0,0.1,0.1
104,13,104,-3.14159262925386,0,0,0,0,0.1,0.1
105,14,105,-3.14159262925386,0,0,0,0,0.1,0.1
106,15,106,-3.14159262925386,0,0,0,0,0.1,0.1
107,16,107,-3.14159262925386,0,0,0,0,0.1,0.1
108,17,108,-3.14159262925386,0,0,0,0,0.1,0.1
109,18,109,-3.14159262925386,0,0,0,0,0.1,0.1
110,19,110,-3.14159262925386,0,0,0,0,0.1,0.1
111,20,111,-3.14159262925386,0,0,0,0,0.1,0.1
112,21,112,-3.14159262925386,0,0,0,0,0.1,0.1
113,22,113,0,0,0,0,0,0.1,0.1
114,0,114,-6.22770628710896,0,0,0,0,0.1,0.1
115,1,115,-6.22770628710896,0,0,0,0,0.1,0.1
116,2,116,-6.22771001553446,0,0,0,0,0.1,0.1
117,3,117,-6.23837437772096,0,0,0,0,0.1,0.1
118,4,118,-0.40990373166613,0,0,0,0,0.1,0.1
119,5,119,-0.409900236267227,0,0,0,0,0.1,0.1
120,6,120,-0.491815275758967,0,0,0,0,0.1,0.1
121,7,121,-1.38311070404775,0,0,0,0,0.1,0.1
122,8,122,-1.38311070404775,0,0,0,0,0.1,0.1
123,9,123,-1.38311110352191,0,0,0,0,0.1,0.1
124,10,124,-1.56695137583291,0,0,0,0,0.1,0.1
125,11,125,-1.58624371409417,0,0,0,0,0.1,0.1
126,12,126,-1.58624371409417,0,0,0,0,0.1,0.1
127,13,127,-1.58624411356833,0,0,0,0,0.1,0.1
128,14,128,0,0,0,0,0,0.1,0.1
129,0,129,-3.30439725806755,0,0,0,0,0.1,0.1
130,1,130,-3.30439725806755,0,0,0,0,0.1,0.1
131,2,131,-3.30439725806755,0,0,0,0,0.1,0.1
132,3,132,-3.52404279885093,0,0,0,0,0.1,0.1
133,4,133,-3.58492425879518,0,0,0,0,0.1,0.1
134,5,134,-3.59363652391778,0,0,0,0,0.1,0.1
135,6,135,-4.27637674622275,0,0,0,0,0.1,0.1
136,7,136,-4.27637514832611,0,0,0,0,0.1,0.1
137,8,137,-4.30687686468673,0,0,0,0,0.1,0.1
138,9,138,-4.59667619330986,0,0,0,0,0.1,0.1
139,10,139,-4.59667619330986,0,0,0,0,0.1,0.1
140,11,140,-4.59667619330986,0,0,0,0,0.1,0.1
141,12,141,0,0,0,0,0,0.1,0.1
142,0,142,-1.53808084562733,0,0,0,0,0.1,0.1
143,1,143,-1.53808084562733,0,0,0,0,0.1,0.1
144,2,144,-1.53808084562733,0,0,0,0,0.1,0.1
145,3,145,-1.56142544977186,0,0,0,0,0.1,0.1
146,4,146,-2.10252864639145,0,0,0,0,0.1,0.1
147,5,147,-2.10252864639145,0,0,0,0,0.1,0.1
148,6,148,-2.10252904586561,0,0,0,0,0.1,0.1
149,7,149,-2.66703010985111,0,0,0,0,0.1,0.1
150,8,150,-3.04545544412392,0,0,0,0,0.1,0.1
151,9,151,-3.04545544412392,0,0,0,0,0.1,0.1
152,10,152,-3.14731176765051,0,0,0,0,0.1,0.1
153,11,153,-3.21568842810862,0,0,0,0,0.1,0.1
154,12,154,-3.21568842810862,0,0,0,0,0.1,0.1
155,13,155,-3.2156953523274,0,0,0,0,0.1,0.1
156,14,156,0,0,0,0,0,0.1,0.1
157,0,157,-6.27247349205419,0,0,0,0,0.1,0.1
158,1,158,-6.27247349205419,0,0,0,0,0.1,0.1
159,2,159,-6.27247349205419,0,0,0,0,0.1,0.1
160,3,160,-6.27247349205419,0,0,0,0,0.1,0.1
161,4,161,-6.27426260366065,0,0,0,0,0.1,0.1
162,5,162,0,0,0,0,0,0.1,0.1
163,6,163,0,0,0,0,0,0.1,0.1
164,7,164,0,0,0,0,0,0.1,0.1
165,8,165,0,0,0,0,0,0.1,0.1
166,9,166,0,0,0,0,0,0.1,0.1
167,10,167,0,0,0,0,0,0.1,0.1
168,11,168,0,0,0,0,0,0.1,0.1
169,12,169,0,0,0,0,0,0.1,0.1
170,13,170,0,0,0,0,0,0.1,0.1
171,14,171,0,0,0,0,0,0.1,0.1
172,15,172,0,0,0,0,0,0.1,0.1
173,16,173,-6.24228283290648,0,0,0,0,0.1,0.1
174,17,174,-6.23594184640012,0,0,0,0,0.1,0.1
175,18,175,-6.23593811797463,0,0,0,0,0.1,0.1
176,19,176,-6.23594184640012,0,0,0,0,0.1,0.1
177,20,177,-6.23593811797463,0,0,0,0,0.1,0.1
178,21,178,-6.2359407811357,0,0,0,0,0.1,0.1
179,22,179,0,0,0,0,0,0.1,0.1
180,0,180,-6.2541248449179,0,0,0,0,0.1,0.1
181,1,181,-6.2541248449179,0,0,0,0,0.1,0.1
182,2,182,-6.2541248449179,0,0,0,0,0.1,0.1
183,3,183,-6.25412857334339,0,0,0,0,0.1,0.1
184,4,184,-6.2541248449179,0,0,0,0,0.1,0.1
185,5,185,-6.25412857334339,0,0,0,0,0.1,0.1
186,6,186,-6.02324422653084,0,0,0,0,0.1,0.1
187,7,187,-5.78207848009356,0,0,0,0,0.1,0.1
188,8,188,-5.78207848009356,0,0,0,0,0.1,0.1
189,9,189,-5.78207848009356,0,0,0,0,0.1,0.1
190,10,190,-5.78207848009356,0,0,0,0,0.1,0.1
191,11,191,-5.42377732244205,0,0,0,0,0.1,0.1
192,12,192,-5.24417214202174,0,0,0,0,0.1,0.1
193,13,193,-5.24417214202174,0,0,0,0,0.1,0.1
194,14,194,-5.24417160938953,0,0,0,0,0.1,0.1
195,15,195,-5.24417160938953,0,0,0,0,0.1,0.1
196,16,196,-5.1771020283843,0,0,0,0,0.1,0.1
197,17,197,-4.76126008003405,0,0,0,0,0.1,0.1
198,18,198,-4.76126008003405,0,0,0,0,0.1,0.1
199,19,199,-4.76126008003405,0,0,0,0,0.1,0.1
200,20,200,-4.76126008003405,0,0,0,0,0.1,0.1
201,21,201,-4.76126008003405,0,0,0,0,0.1,0.1
202,22,202,-4.76126008003405,0,0,0,0,0.1,0.1
203,23,203,-4.76126008003405,0,0,0,0,0.1,0.1
204,24,204,0,0,0,0,0,0.1,0.1
205,0,205,-1.54277067227063,0,0,0,0,0.1,0.1
206,1,206,-1.54277067227063,0,0,0,0,0.1,0.1
207,2,207,-1.54277053911258,0,0,0,0,0.1,0.1
208,3,208,-1.54277067227063,0,0,0,0,0.1,0.1
209,4,209,-1.54277053911258,0,0,0,0,0.1,0.1
210,5,210,-1.4861562621499,0,0,0,0,0.1,0.1
211,6,211,-1.10050117794284,0,0,0,0,0.1,0.1
212,7,212,-1.10050117794284,0,0,0,0,0.1,0.1
213,8,213,-1.10050144425895,0,0,0,0,0.1,0.1
214,9,214,-1.10050204347019,0,0,0,0,0.1,0.1
215,10,215,-0.911932862627189,0,0,0,0,0.1,0.1
216,11,216,-0.61522356313521,0,0,0,0,0.1,0.1
217,12,217,-0.615223629714237,0,0,0,0,0.1,0.1
218,13,218,-0.615223629714237,0,0,0,0,0.1,0.1
219,14,219,-0.615223829451317,0,0,0,0,0.1,0.1
220,15,220,-0.615227291560707,0,0,0,0,0.1,0.1
221,16,221,-0.0542090721711275,0,0,0,0,0.1,0.1
222,17,222,-0.0474497696397846,0,0,0,0,0.1,0.1
223,18,223,-0.0474497405114604,0,0,0,0,0.1,0.1
224,19,224,-0.0474497405114604,0,0,0,0,0.1,0.1
225,20,225,-0.0474497405114604,0,0,0,0,0.1,0.1
226,21,226,-0.0474535479995519,0,0,0,0,0.1,0.1
227,22,227,-0.0474497405114604,0,0,0,0,0.1,0.1
228,23,228,-0.0474525659589076,0,0,0,0,0.1,0.1
229,24,229,0,0,0,0,0,0.1,0.1
230,0,230,-3.15359016987173,0,0,0,0,0.1,0.1
231,1,231,-3.15359016987173,0,0,0,0,0.1,0.1
232,2,232,-3.15359016987173,0,0,0,0,0.1,0.1
233,3,233,-3.15358644144624,0,0,0,0,0.1,0.1
234,4,234,-3.15359016987173,0,0,0,0,0.1,0.1
235,5,235,-3.15359016987173,0,0,0,0,0.1,0.1
236,6,236,-3.15359016987173,0,0,0,0,0.1,0.1
237,7,237,-3.15359016987173,0,0,0,0,0.1,0.1
238,8,238,-3.15359016987173,0,0,0,0,0.1,0.1
239,9,239,-3.15358644144624,0,0,0,0,0.1,0.1
240,10,240,-3.15359016987173,0,0,0,0,0.1,0.1
241,11,241,-3.15359016987173,0,0,0,0,0.1,0.1
242,12,242,-3.15359016987173,0,0,0,0,0.1,0.1
243,13,243,-3.15359016987173,0,0,0,0,0.1,0.1
244,14,244,-3.15359016987173,0,0,0,0,0.1,0.1
245,15,245,-3.15359016987173,0,0,0,0,0.1,0.1
246,16,246,-3.15359016987173,0,0,0,0,0.1,0.1
247,17,247,-3.15359016987173,0,0,0,0,0.1,0.1
248,18,248,-3.15359016987173,0,0,0,0,0.1,0.1
249,19,249,-3.15359389829723,0,0,0,0,0.1,0.1
250,20,250,-3.15359016987173,0,0,0,0,0.1,0.1
251,21,251,-3.15359469724555,0,0,0,0,0.1,0.1
252,22,252,0,0,0,0,0,0.1,0.1
253,0,253,-1.56184449816614,0,0,0,0,0.1,0.1
254,1,254,-1.56184449816614,0,0,0,0,0.1,0.1
255,2,255,-1.56184449816614,0,0,0,0,0.1,0.1
256,3,256,-1.56184449816614,0,0,0,0,0.1,0.1
257,4,257,-1.56184449816614,0,0,0,0,0.1,0.1
258,5,258,-1.56184449816614,0,0,0,0,0.1,0.1
259,6,259,-1.56184463132419,0,0,0,0,0.1,0.1
260,7,260,-1.56184449816614,0,0,0,0,0.1,0.1
261,8,261,-1.56184463132419,0,0,0,0,0.1,0.1
262,9,262,-1.56184449816614,0,0,0,0,0.1,0.1
263,10,263,-1.56184449816614,0,0,0,0,0.1,0.1
264,11,264,-1.56184463132419,0,0,0,0,0.1,0.1
265,12,265,-1.56184449816614,0,0,0,0,0.1,0.1
266,13,266,-1.56184463132419,0,0,0,0,0.1,0.1
267,14,267,-1.56184449816614,0,0,0,0,0.1,0.1
268,15,268,-1.56184463132419,0,0,0,0,0.1,0.1
269,16,269,-1.56184449816614,0,0,0,0,0.1,0.1
270,17,270,-1.56184463132419,0,0,0,0,0.1,0.1
271,18,271,-1.56184449816614,0,0,0,0,0.1,0.1
272,19,272,-1.56184463132419,0,0,0,0,0.1,0.1
273,20,273,-1.56184449816614,0,0,0,0,0.1,0.1
274,21,274,-1.56184463132419,0,0,0,0,0.1,0.1
275,22,275,-1.56627053870551,0,0,0,0,0.1,0.1
276,23,276,-1.57079631462693,0,0,0,0,0.1,0.1
277,24,277,-1.57079631462693,0,0,0,0,0.1,0.1
278,25,278,-1.57079631462693,0,0,0,0,0.1,0.1
279,26,279,-1.57079631462693,0,0,0,0,0.1,0.1
280,27,280,-1.57079631462693,0,0,0,0,0.1,0.1
281,28,281,-1.57079631462693,0,0,0,0,0.1,0.1
282,29,282,-1.57079631462693,0,0,0,0,0.1,0.1
283,30,283,-1.57079631462693,0,0,0,0,0.1,0.1
284,31,284,-1.57079631462693,0,0,0,0,0.1,0.1
285,32,285,-1.57079631462693,0,0,0,0,0.1,0.1
286,33,286,-1.57079631462693,0,0,0,0,0.1,0.1
287,34,287,-1.57079631462693,0,0,0,0,0.1,0.1
288,35,288,-1.57079631462693,0,0,0,0,0.1,0.1
289,36,289,-1.57079631462693,0,0,0,0,0.1,0.1
290,37,290,-1.57079631462693,0,0,0,0,0.1,0.1
291,38,291,-1.57079631462693,0,0,0,0,0.1,0.1
292,39,292,-1.57079631462693,0,0,0,0,0.1,0.1
293,40,293,-1.57079631462693,0,0,0,0,0.1,0.1
294,41,294,-1.57079631462693,0,0,0,0,0.1,0.1
295,42,295,-1.57079631462693,0,0,0,0,0.1,0.1
296,43,296,-1.57079631462693,0,0,0,0,0.1,0.1
297,44,297,-1.57079631462693,0,0,0,0,0.1,0.1
298,45,298,-1.57079631462693,0,0,0,0,0.1,0.1
299,46,299,-1.57079631462693,0,0,0,0,0.1,0.1
300,47,300,-1.57079631462693,0,0,0,0,0.1,0.1
301,48,301,-1.57079631462693,0,0,0,0,0.1,0.1
302,49,302,-1.57079631462693,0,0,0,0,0.1,0.1
303,50,303,-1.57079631462693,0,0,0,0,0.1,0.1
304,51,304,-1.57079631462693,0,0,0,0,0.1,0.1
305,52,305,-1.57079631462693,0,0,0,0,0.1,0.1
306,53,306,-1.57079631462693,0,0,0,0,0.1,0.1
307,54,307,-1.57079631462693,0,0,0,0,0.1,0.1
308,55,308,-1.57079631462693,0,0,0,0,0.1,0.1
309,56,309,-1.57079631462693,0,0,0,0,0.1,0.1
310,57,310,-1.57079631462693,0,0,0,0,0.1,0.1
311,58,311,-1.57079631462693,0,0,0,0,0.1,0.1
312,59,312,-1.57079631462693,0,0,0,0,0.1,0.1
313,60,313,-1.57079631462693,0,0,0,0,0.1,0.1
314,61,314,-1.57079631462693,0,0,0,0,0.1,0.1
315,62,315,-1.57079631462693,0,0,0,0,0.1,0.1
316,63,316,-1.57079631462693,0,0,0,0,0.1,0.1
317,64,317,-1.57079631462693,0,0,0,0,0.1,0.1
318,65,318,-1.56522524798575,0,0,0,0,0.1,0.1
319,66,319,-1.56395558594589,0,0,0,0,0.1,0.1
320,67,320,-1.56395558594589,0,0,0,0,0.1,0.1
321,68,321,-1.56395558594589,0,0,0,0,0.1,0.1
322,69,322,-1.56395558594589,0,0,0,0,0.1,0.1
323,70,323,-1.56395558594589,0,0,0,0,0.1,0.1
324,71,324,-1.56395558594589,0,0,0,0,0.1,0.1
325,72,325,-1.56395558594589,0,0,0,0,0.1,0.1
326,73,326,-1.56395558594589,0,0,0,0,0.1,0.1
327,74,327,-1.56395558594589,0,0,0,0,0.1,0.1
328,75,328,-1.563955852262,0,0,0,0,0.1,0.1
329,76,329,-1.56395558594589,0,0,0,0,0.1,0.1
330,77,330,-1.56395558594589,0,0,0,0,0.1,0.1
331,78,331,-1.563955852262,0,0,0,0,0.1,0.1
332,79,332,-1.56395558594589,0,0,0,0,0.1,0.1
333,80,333,-1.563955852262,0,0,0,0,0.1,0.1
334,81,334,-1.56395558594589,0,0,0,0,0.1,0.1
335,82,335,-1.563955852262,0,0,0,0,0.1,0.1
336,83,336,-1.56395558594589,0,0,0,0,0.1,0.1
337,84,337,-1.563955852262,0,0,0,0,0.1,0.1
338,85,338,-1.56395558594589,0,0,0,0,0.1,0.1
339,86,339,0,0,0,0,0,0.1,0.1
340,0,340,-4.70711268917,0,0,0,0,0.1,0.1
341,1,341,-4.70711268917,0,0,0,0,0.1,0.1
342,2,342,-4.70711268917,0,0,0,0,0.1,0.1
343,3,343,-4.70711268917,0,0,0,0,0.1,0.1
344,4,344,-4.70711268917,0,0,0,0,0.1,0.1
345,5,345,-4.70711268917,0,0,0,0,0.1,0.1
346,6,346,-4.70711268917,0,0,0,0,0.1,0.1
347,7,347,-4.70711268917,0,0,0,0,0.1,0.1
348,8,348,-4.70711268917,0,0,0,0,0.1,0.1
349,9,349,-4.70711268917,0,0,0,0,0.1,0.1
350,10,350,-4.70711268917,0,0,0,0,0.1,0.1
351,11,351,-4.70711268917,0,0,0,0,0.1,0.1
352,12,352,-4.70711268917,0,0,0,0,0.1,0.1
353,13,353,-4.70711268917,0,0,0,0,0.1,0.1
354,14,354,-4.70711268917,0,0,0,0,0.1,0.1
355,15,355,-4.70711268917,0,0,0,0,0.1,0.1
356,16,356,-4.70711268917,0,0,0,0,0.1,0.1
357,17,357,-4.70711268917,0,0,0,0,0.1,0.1
358,18,358,-4.70711268917,0,0,0,0,0.1,0.1
359,19,359,-4.70711268917,0,0,0,0,0.1,0.1
360,20,360,-4.71219772891601,0,0,0,0,0.1,0.1
361,21,361,-4.71456421384232,0,0,0,0,0.1,0.1
362,22,362,-4.71456421384232,0,0,0,0,0.1,0.1
363,23,363,-4.71456421384232,0,0,0,0,0.1,0.1
364,24,364,-4.71456421384232,0,0,0,0,0.1,0.1
365,25,365,-4.71456421384232,0,0,0,0,0.1,0.1
366,26,366,-4.71456421384232,0,0,0,0,0.1,0.1
367,27,367,-4.71456421384232,0,0,0,0,0.1,0.1
368,28,368,-4.71456421384232,0,0,0,0,0.1,0.1
369,29,369,-4.71456421384232,0,0,0,0,0.1,0.1
370,30,370,-4.71456421384232,0,0,0,0,0.1,0.1
371,31,371,-4.71456421384232,0,0,0,0,0.1,0.1
372,32,372,-4.71456421384232,0,0,0,0,0.1,0.1
373,33,373,-4.71456421384232,0,0,0,0,0.1,0.1
374,34,374,-4.71456421384232,0,0,0,0,0.1,0.1
375,35,375,-4.71456421384232,0,0,0,0,0.1,0.1
376,36,376,-4.71456421384232,0,0,0,0,0.1,0.1
377,37,377,-4.71456421384232,0,0,0,0,0.1,0.1
378,38,378,-4.71456421384232,0,0,0,0,0.1,0.1
379,39,379,-4.71456421384232,0,0,0,0,0.1,0.1
380,40,380,-4.71456421384232,0,0,0,0,0.1,0.1
381,41,381,-4.71456421384232,0,0,0,0,0.1,0.1
382,42,382,-4.71456421384232,0,0,0,0,0.1,0.1
383,43,383,-4.71456421384232,0,0,0,0,0.1,0.1
384,44,384,-4.71456421384232,0,0,0,0,0.1,0.1
385,45,385,-4.71456421384232,0,0,0,0,0.1,0.1
386,46,386,-4.71456421384232,0,0,0,0,0.1,0.1
387,47,387,-4.71456421384232,0,0,0,0,0.1,0.1
388,48,388,-4.71456421384232,0,0,0,0,0.1,0.1
389,49,389,-4.71456421384232,0,0,0,0,0.1,0.1
390,50,390,-4.71456421384232,0,0,0,0,0.1,0.1
391,51,391,-4.71456421384232,0,0,0,0,0.1,0.1
392,52,392,-4.71456421384232,0,0,0,0,0.1,0.1
393,53,393,-4.71456368121011,0,0,0,0,0.1,0.1
394,54,394,-4.71456421384232,0,0,0,0,0.1,0.1
395,55,395,-4.71456368121011,0,0,0,0,0.1,0.1
396,56,396,-4.71456421384232,0,0,0,0,0.1,0.1
397,57,397,-4.71456368121011,0,0,0,0,0.1,0.1
398,58,398,-4.71456421384232,0,0,0,0,0.1,0.1
399,59,399,-4.71456368121011,0,0,0,0,0.1,0.1
400,60,400,-4.71456421384232,0,0,0,0,0.1,0.1
401,61,401,-4.71456368121011,0,0,0,0,0.1,0.1
402,62,402,-4.71321985013446,0,0,0,0,0.1,0.1
403,63,403,-4.70676807612762,0,0,0,0,0.1,0.1
404,64,404,-4.70676807612762,0,0,0,0,0.1,0.1
405,65,405,-4.70676807612762,0,0,0,0,0.1,0.1
406,66,406,-4.70676807612762,0,0,0,0,0.1,0.1
407,67,407,-4.70676807612762,0,0,0,0,0.1,0.1
408,68,408,-4.70676807612762,0,0,0,0,0.1,0.1
409,69,409,-4.70676807612762,0,0,0,0,0.1,0.1
410,70,410,-4.70676807612762,0,0,0,0,0.1,0.1
411,71,411,-4.70676807612762,0,0,0,0,0.1,0.1
412,72,412,-4.70676807612762,0,0,0,0,0.1,0.1
413,73,413,-4.70676807612762,0,0,0,0,0.1,0.1
414,74,414,-4.70676807612762,0,0,0,0,0.1,0.1
415,75,415,-4.70676807612762,0,0,0,0,0.1,0.1
416,76,416,-4.70676807612762,0,0,0,0,0.1,0.1
417,77,417,-4.70676807612762,0,0,0,0,0.1,0.1
418,78,418,-4.70676807612762,0,0,0,0,0.1,0.1
419,79,419,-4.70676807612762,0,0,0,0,0.1,0.1
420,80,420,-4.70676807612762,0,0,0,0,0.1,0.1
421,81,421,-4.70676807612762,0,0,0,0,0.1,0.1
422,82,422,-4.70676807612762,0,0,0,0,0.1,0.1
423,83,423,-4.70676807612762,0,0,0,0,0.1,0.1
424,84,424,-4.70676807612762,0,0,0,0,0.1,0.1
425,85,425,-4.70676860875983,0,0,0,0,0.1,0.1
426,86,426,0,0,0,0,0,0.1,0.1
427,0,427,-3.1383960370222,0,0,0,0,0.1,0.1
428,1,428,-3.1383960370222,0,0,0,0,0.1,0.1
429,2,429,-3.1383960370222,0,0,0,0,0.1,0.1
430,3,430,-3.1383960370222,0,0,0,0,0.1,0.1
431,4,431,-3.1383960370222,0,0,0,0,0.1,0.1
432,5,432,-3.13839230859671,0,0,0,0,0.1,0.1
433,6,433,-3.1383960370222,0,0,0,0,0.1,0.1
434,7,434,-3.13839230859671,0,0,0,0,0.1,0.1
435,8,435,-3.1383960370222,0,0,0,0,0.1,0.1
436,9,436,-3.13839230859671,0,0,0,0,0.1,0.1
437,10,437,-3.1383960370222,0,0,0,0,0.1,0.1
438,11,438,-3.13839230859671,0,0,0,0,0.1,0.1
439,12,439,-3.1383960370222,0,0,0,0,0.1,0.1
440,13,440,-3.13839230859671,0,0,0,0,0.1,0.1
441,14,441,-3.1383960370222,0,0,0,0,0.1,0.1
442,15,442,-3.13839230859671,0,0,0,0,0.1,0.1
443,16,443,-3.1383960370222,0,0,0,0,0.1,0.1
444,17,444,-3.13839230859671,0,0,0,0,0.1,0.1
445,18,445,-3.1383960370222,0,0,0,0,0.1,0.1
446,19,446,-3.13839230859671,0,0,0,0,0.1,0.1
447,20,447,-3.1383960370222,0,0,0,0,0.1,0.1
448,21,448,-3.13839230859671,0,0,0,0,0.1,0.1
449,22,449,-3.1383960370222,0,0,0,0,0.1,0.1
450,23,450,-3.14369839071148,0,0,0,0,0.1,0.1
451,24,451,-3.1501376478613,0,0,0,0,0.1,0.1
452,25,452,-3.1501376478613,0,0,0,0,0.1,0.1
453,26,453,-3.1501339194358,0,0,0,0,0.1,0.1
454,27,454,-3.1501376478613,0,0,0,0,0.1,0.1
455,28,455,-3.4113942814065,0,0,0,0,0.1,0.1
456,29,456,-3.5897986425006,0,0,0,0,0.1,0.1
457,30,457,-3.58980237092609,0,0,0,0,0.1,0.1
458,31,458,-3.58980237092609,0,0,0,0,0.1,0.1
459,32,459,-3.59360509861716,0,0,0,0,0.1,0.1
460,33,460,-3.82863066089271,0,0,0,0,0.1,0.1
461,34,461,-3.82863066089271,0,0,0,0,0.1,0.1
462,35,462,-3.82863066089271,0,0,0,0,0.1,0.1
463,36,463,-3.82863066089271,0,0,0,0,0.1,0.1
464,37,464,-3.95814018370004,0,0,0,0,0.1,0.1
465,38,465,-4.11626803535967,0,0,0,0,0.1,0.1
466,39,466,-4.11626510588249,0,0,0,0,0.1,0.1
467,40,467,-4.11626803535967,0,0,0,0,0.1,0.1
468,41,468,-4.28696760516374,0,0,0,0,0.1,0.1
469,42,469,-4.51972468684033,0,0,0,0,0.1,0.1
470,43,470,-4.51972468684033,0,0,0,0,0.1,0.1
471,44,471,-4.51972468684033,0,0,0,0,0.1,0.1
472,45,472,-4.51972468684033,0,0,0,0,0.1,0.1
473,46,473,-4.6052020371576,0,0,0,0,0.1,0.1
474,47,474,-4.70840272439204,0,0,0,0,0.1,0.1
475,48,475,-4.70840272439204,0,0,0,0,0.1,0.1
476,49,476,-4.70840272439204,0,0,0,0,0.1,0.1
477,50,477,-4.70840645281754,0,0,0,0,0.1,0.1
478,51,478,-4.70840272439204,0,0,0,0,0.1,0.1
479,52,479,-4.70840645281754,0,0,0,0,0.1,0.1
480,53,480,-4.70840272439204,0,0,0,0,0.1,0.1
481,54,481,-4.70840645281754,0,0,0,0,0.1,0.1
482,55,482,-4.70840272439204,0,0,0,0,0.1,0.1
483,56,483,-4.71228987428901,0,0,0,0,0.1,0.1
484,57,484,-4.71564652250095,0,0,0,0,0.1,0.1
485,58,485,-4.71565025092644,0,0,0,0,0.1,0.1
486,59,486,-4.71564652250095,0,0,0,0,0.1,0.1
487,60,487,-4.71565025092644,0,0,0,0,0.1,0.1
488,61,488,-4.71564652250095,0,0,0,0,0.1,0.1
489,62,489,-4.71565025092644,0,0,0,0,0.1,0.1
490,63,490,-4.71564652250095,0,0,0,0,0.1,0.1
491,64,491,-4.71565025092644,0,0,0,0,0.1,0.1
492,65,492,-4.71564652250095,0,0,0,0,0.1,0.1
493,66,493,-4.71565025092644,0,0,0,0,0.1,0.1
494,67,494,-4.71564652250095,0,0,0,0,0.1,0.1
495,68,495,-4.71399110158018,0,0,0,0,0.1,0.1
496,69,496,-4.70970714068386,0,0,0,0,0.1,0.1
497,70,497,-4.70970714068386,0,0,0,0,0.1,0.1
498,71,498,-4.70970714068386,0,0,0,0,0.1,0.1
499,72,499,-4.70970714068386,0,0,0,0,0.1,0.1
500,73,500,-4.70970714068386,0,0,0,0,0.1,0.1
501,74,501,-4.70970714068386,0,0,0,0,0.1,0.1
502,75,502,-4.70970714068386,0,0,0,0,0.1,0.1
503,76,503,-4.70970714068386,0,0,0,0,0.1,0.1
504,77,504,-4.70970714068386,0,0,0,0,0.1,0.1
505,78,505,-4.70970714068386,0,0,0,0,0.1,0.1
506,79,506,-4.70970714068386,0,0,0,0,0.1,0.1
507,80,507,-4.70970714068386,0,0,0,0,0.1,0.1
508,81,508,-4.70970714068386,0,0,0,0,0.1,0.1
509,82,509,-4.70971086910936,0,0,0,0,0.1,0.1
510,83,510,-4.71337697663756,0,0,0,0,0.1,0.1
511,84,511,-4.71542548013218,0,0,0,0,0.1,0.1
512,85,512,-4.71542548013218,0,0,0,0,0.1,0.1
513,86,513,-4.71542548013218,0,0,0,0,0.1,0.1
514,87,514,-4.71542548013218,0,0,0,0,0.1,0.1
515,88,515,-4.71542548013218,0,0,0,0,0.1,0.1
516,89,516,-4.71542548013218,0,0,0,0,0.1,0.1
517,90,517,-4.71542548013218,0,0,0,0,0.1,0.1
518,91,518,-4.71542175170669,0,0,0,0,0.1,0.1
519,92,519,-4.71542548013218,0,0,0,0,0.1,0.1
520,93,520,-4.71542175170669,0,0,0,0,0.1,0.1
521,94,521,-4.71542548013218,0,0,0,0,0.1,0.1
522,95,522,-4.71542175170669,0,0,0,0,0.1,0.1
523,96,523,-4.71375461287721,0,0,0,0,0.1,0.1
524,97,524,-4.71239267230629,0,0,0,0,0.1,0.1
525,98,525,-4.71239267230629,0,0,0,0,0.1,0.1
526,99,526,-4.71239267230629,0,0,0,0,0.1,0.1
527,100,527,-4.71239267230629,0,0,0,0,0.1,0.1
528,101,528,-4.71239267230629,0,0,0,0,0.1,0.1
529,102,529,-4.71239267230629,0,0,0,0,0.1,0.1
530,103,530,-4.71239267230629,0,0,0,0,0.1,0.1
531,104,531,-4.71239267230629,0,0,0,0,0.1,0.1
532,105,532,-4.71239267230629,0,0,0,0,0.1,0.1
533,106,533,-4.71239267230629,0,0,0,0,0.1,0.1
534,107,534,-4.71239267230629,0,0,0,0,0.1,0.1
535,108,535,-4.71239267230629,0,0,0,0,0.1,0.1
536,109,536,-4.71239640073179,0,0,0,0,0.1,0.1
537,110,537,-4.7116911956806,0,0,0,0,0.1,0.1
538,111,538,-4.70874201111229,0,0,0,0,0.1,0.1
539,112,539,-4.70874573953779,0,0,0,0,0.1,0.1
540,113,540,-4.70874201111229,0,0,0,0,0.1,0.1
541,114,541,-4.70874573953779,0,0,0,0,0.1,0.1
542,115,542,-4.70874201111229,0,0,0,0,0.1,0.1
543,116,543,-4.70874573953779,0,0,0,0,0.1,0.1
544,117,544,-4.70874201111229,0,0,0,0,0.1,0.1
545,118,545,-4.70874573953779,0,0,0,0,0.1,0.1
546,119,546,-4.70874201111229,0,0,0,0,0.1,0.1
547,120,547,-4.70874573953779,0,0,0,0,0.1,0.1
548,121,548,-4.80202348862747,0,0,0,0,0.1,0.1
549,122,549,-4.99838368060011,0,0,0,0,0.1,0.1
550,123,550,-4.99838368060011,0,0,0,0,0.1,0.1
551,124,551,-4.99838794165782,0,0,0,0,0.1,0.1
552,125,552,-5.18919704069731,0,0,0,0,0.1,0.1
553,126,553,-5.2341085889725,0,0,0,0,0.1,0.1
554,127,554,-5.23410645844365,0,0,0,0,0.1,0.1
555,128,555,-5.26796269248734,0,0,0,0,0.1,0.1
556,129,556,-5.46376894695754,0,0,0,0,0.1,0.1
557,130,557,-5.46376894695754,0,0,0,0,0.1,0.1
558,131,558,-5.46376894695754,0,0,0,0,0.1,0.1
559,132,559,-5.69149371947731,0,0,0,0,0.1,0.1
560,133,560,-5.73550245614996,0,0,0,0,0.1,0.1
561,134,561,-5.73550245614996,0,0,0,0,0.1,0.1
562,135,562,-5.74712715421811,0,0,0,0,0.1,0.1
563,136,563,-6.16372650557651,0,0,0,0,0.1,0.1
564,137,564,-6.16372277715101,0,0,0,0,0.1,0.1
565,138,565,-6.16372650557651,0,0,0,0,0.1,0.1
566,139,566,-6.16372277715101,0,0,0,0,0.1,0.1
567,140,567,-6.16372650557651,0,0,0,0,0.1,0.1
568,141,568,-6.16772337770954,0,0,0,0,0.1,0.1
569,142,569,-6.27374754830981,0,0,0,0,0.1,0.1
570,143,570,-6.27374754830981,0,0,0,0,0.1,0.1
571,144,571,-6.27375127673531,0,0,0,0,0.1,0.1
572,145,572,-6.27374754830981,0,0,0,0,0.1,0.1
573,146,573,-6.27375127673531,0,0,0,0,0.1,0.1
574,147,574,-6.27374754830981,0,0,0,0,0.1,0.1
575,148,575,-6.27375127673531,0,0,0,0,0.1,0.1
576,149,576,-6.27374754830981,0,0,0,0,0.1,0.1
577,150,577,-6.27212248742524,0,0,0,0,0.1,0.1
578,151,578,-6.27116108627916,0,0,0,0,0.1,0.1
579,152,579,-6.27116108627916,0,0,0,0,0.1,0.1
580,153,580,-6.27116108627916,0,0,0,0,0.1,0.1
581,154,581,-6.27116108627916,0,0,0,0,0.1,0.1
582,155,582,-6.27116108627916,0,0,0,0,0.1,0.1
583,156,583,-6.27116108627916,0,0,0,0,0.1,0.1
584,157,584,-6.27116108627916,0,0,0,0,0.1,0.1
585,158,585,-6.27116108627916,0,0,0,0,0.1,0.1
586,159,586,-6.27116108627916,0,0,0,0,0.1,0.1
587,160,587,-6.27116108627916,0,0,0,0,0.1,0.1
588,161,588,-6.27116108627916,0,0,0,0,0.1,0.1
589,162,589,-6.27116108627916,0,0,0,0,0.1,0.1
590,163,590,-6.27116108627916,0,0,0,0,0.1,0.1
591,164,591,-6.27116108627916,0,0,0,0,0.1,0.1
592,165,592,-6.27116481470466,0,0,0,0,0.1,0.1
593,166,593,-6.27116108627916,0,0,0,0,0.1,0.1
594,167,594,0,0,0,0,0,0.1,0.1
595,0,595,-3.13777818365409,0,0,0,0,0.1,0.1
596,1,596,-3.13777818365409,0,0,0,0,0.1,0.1
597,2,597,-3.13777818365409,0,0,0,0,0.1,0.1
598,3,598,-3.13777818365409,0,0,0,0,0.1,0.1
599,4,599,-3.13778191207959,0,0,0,0,0.1,0.1
600,5,600,-3.13777818365409,0,0,0,0,0.1,0.1
601,6,601,-3.13778191207959,0,0,0,0,0.1,0.1
602,7,602,-3.13777818365409,0,0,0,0,0.1,0.1
603,8,603,-3.13778191207959,0,0,0,0,0.1,0.1
604,9,604,-3.13777818365409,0,0,0,0,0.1,0.1
605,10,605,-3.13778191207959,0,0,0,0,0.1,0.1
606,11,606,-3.13777818365409,0,0,0,0,0.1,0.1
607,12,607,-3.13778191207959,0,0,0,0,0.1,0.1
608,13,608,-3.13777818365409,0,0,0,0,0.1,0.1
609,14,609,-3.13778191207959,0,0,0,0,0.1,0.1
610,15,610,-3.13777818365409,0,0,0,0,0.1,0.1
611,16,611,-3.14688752609214,0,0,0,0,0.1,0.1
612,17,612,-3.14953497451128,0,0,0,0,0.1,0.1
613,18,613,-3.14953497451128,0,0,0,0,0.1,0.1
614,19,614,-3.14953497451128,0,0,0,0,0.1,0.1
615,20,615,-3.14953870293678,0,0,0,0,0.1,0.1
616,21,616,-3.14953497451128,0,0,0,0,0.1,0.1
617,22,617,-3.14953870293678,0,0,0,0,0.1,0.1
618,23,618,-3.14953497451128,0,0,0,0,0.1,0.1
619,24,619,-3.11659380261105,0,0,0,0,0.1,0.1
620,25,620,-2.98164796911266,0,0,0,0,0.1,0.1
621,26,621,-2.98164796911266,0,0,0,0,0.1,0.1
622,27,622,-2.98164796911266,0,0,0,0,0.1,0.1
623,28,623,-2.98165169753815,0,0,0,0,0.1,0.1
624,29,624,-2.98164796911266,0,0,0,0,0.1,0.1
625,30,625,-2.98165169753815,0,0,0,0,0.1,0.1
626,31,626,-2.78780739382782,0,0,0,0,0.1,0.1
627,32,627,-2.77489292685374,0,0,0,0,0.1,0.1
628,33,628,-2.77488919842824,0,0,0,0,0.1,0.1
629,34,629,-2.77489292685374,0,0,0,0,0.1,0.1
630,35,630,-2.77489292685374,0,0,0,0,0.1,0.1
631,36,631,-2.57361574059857,0,0,0,0,0.1,0.1
632,37,632,-2.43922650776369,0,0,0,0,0.1,0.1
633,38,633,-2.43922650776369,0,0,0,0,0.1,0.1
634,39,634,-2.43922650776369,0,0,0,0,0.1,0.1
635,40,635,-2.43922970355698,0,0,0,0,0.1,0.1
636,41,636,-2.43922650776369,0,0,0,0,0.1,0.1
637,42,637,-2.21252891646841,0,0,0,0,0.1,0.1
638,43,638,-2.17543268066763,0,0,0,0,0.1,0.1
639,44,639,-2.17543268066763,0,0,0,0,0.1,0.1
640,45,640,-2.17543268066763,0,0,0,0,0.1,0.1
641,46,641,-2.17543268066763,0,0,0,0,0.1,0.1
642,47,642,-2.17543268066763,0,0,0,0,0.1,0.1
643,48,643,-2.07055353616916,0,0,0,0,0.1,0.1
644,49,644,-1.87320131669814,0,0,0,0,0.1,0.1
645,50,645,-1.87320131669814,0,0,0,0,0.1,0.1
646,51,646,-1.87320131669814,0,0,0,0,0.1,0.1
647,52,647,-1.87320131669814,0,0,0,0,0.1,0.1
648,53,648,-1.87320597723001,0,0,0,0,0.1,0.1
649,54,649,-1.69360705523822,0,0,0,0,0.1,0.1
650,55,650,-1.59564400687906,0,0,0,0,0.1,0.1
651,56,651,-1.59564400687906,0,0,0,0,0.1,0.1
652,57,652,-1.59564400687906,0,0,0,0,0.1,0.1
653,58,653,-1.59564400687906,0,0,0,0,0.1,0.1
654,59,654,-1.59564400687906,0,0,0,0,0.1,0.1
655,60,655,-1.59564400687906,0,0,0,0,0.1,0.1
656,61,656,-1.59564400687906,0,0,0,0,0.1,0.1
657,62,657,-1.59564400687906,0,0,0,0,0.1,0.1
658,63,658,-1.59398472437474,0,0,0,0,0.1,0.1
659,64,659,-1.57426388349741,0,0,0,0,0.1,0.1
660,65,660,-1.57426388349741,0,0,0,0,0.1,0.1
661,66,661,-1.57426388349741,0,0,0,0,0.1,0.1
662,67,662,-1.57426388349741,0,0,0,0,0.1,0.1
663,68,663,-1.57426388349741,0,0,0,0,0.1,0.1
664,69,664,-1.57426388349741,0,0,0,0,0.1,0.1
665,70,665,-1.57426388349741,0,0,0,0,0.1,0.1
666,71,666,-1.57426388349741,0,0,0,0,0.1,0.1
667,72,667,-1.57426388349741,0,0,0,0,0.1,0.1
668,73,668,-1.57426388349741,0,0,0,0,0.1,0.1
669,74,669,-1.57426388349741,0,0,0,0,0.1,0.1
670,75,670,-1.57426388349741,0,0,0,0,0.1,0.1
671,76,671,-1.57426388349741,0,0,0,0,0.1,0.1
672,77,672,-1.57426388349741,0,0,0,0,0.1,0.1
673,78,673,-1.57426388349741,0,0,0,0,0.1,0.1
674,79,674,-1.57426388349741,0,0,0,0,0.1,0.1
675,80,675,-1.57415695758047,0,0,0,0,0.1,0.1
676,81,676,-1.57305081363027,0,0,0,0,0.1,0.1
677,82,677,-1.57305081363027,0,0,0,0,0.1,0.1
678,83,678,-1.57305081363027,0,0,0,0,0.1,0.1
679,84,679,-1.57305081363027,0,0,0,0,0.1,0.1
680,85,680,-1.57305081363027,0,0,0,0,0.1,0.1
681,86,681,-1.57305081363027,0,0,0,0,0.1,0.1
682,87,682,-1.57305081363027,0,0,0,0,0.1,0.1
683,88,683,-1.57305081363027,0,0,0,0,0.1,0.1
684,89,684,-1.57305081363027,0,0,0,0,0.1,0.1
685,90,685,-1.57305467521383,0,0,0,0,0.1,0.1
686,91,686,-1.57305081363027,0,0,0,0,0.1,0.1
687,92,687,-1.57305467521383,0,0,0,0,0.1,0.1
688,93,688,-1.5728601312977,0,0,0,0,0.1,0.1
689,94,689,-1.56873649269777,0,0,0,0,0.1,0.1
690,95,690,-1.56873649269777,0,0,0,0,0.1,0.1
691,96,691,-1.56873649269777,0,0,0,0,0.1,0.1
692,97,692,-1.56873649269777,0,0,0,0,0.1,0.1
693,98,693,-1.56873649269777,0,0,0,0,0.1,0.1
694,99,694,-1.56873649269777,0,0,0,0,0.1,0.1
695,100,695,-1.56873649269777,0,0,0,0,0.1,0.1
696,101,696,-1.56873649269777,0,0,0,0,0.1,0.1
697,102,697,-1.56873649269777,0,0,0,0,0.1,0.1
698,103,698,-1.56873649269777,0,0,0,0,0.1,0.1
699,104,699,-1.56874035428132,0,0,0,0,0.1,0.1
700,105,700,-1.56873649269777,0,0,0,0,0.1,0.1
701,106,701,-1.56874035428132,0,0,0,0,0.1,0.1
702,107,702,-1.56873649269777,0,0,0,0,0.1,0.1
703,108,703,-1.56622633023176,0,0,0,0,0.1,0.1
704,109,704,-1.56358274339617,0,0,0,0,0.1,0.1
705,110,705,-1.56358274339617,0,0,0,0,0.1,0.1
706,111,706,-1.56358274339617,0,0,0,0,0.1,0.1
707,112,707,-1.56358274339617,0,0,0,0,0.1,0.1
708,113,708,-1.56358274339617,0,0,0,0,0.1,0.1
709,114,709,-1.56358274339617,0,0,0,0,0.1,0.1
710,115,710,-1.56358647182167,0,0,0,0,0.1,0.1
711,116,711,-1.56358274339617,0,0,0,0,0.1,0.1
712,117,712,-1.56358647182167,0,0,0,0,0.1,0.1
713,118,713,-1.56358274339617,0,0,0,0,0.1,0.1
714,119,714,-1.56358647182167,0,0,0,0,0.1,0.1
715,120,715,-1.56447530182859,0,0,0,0,0.1,0.1
716,121,716,-1.57076954985818,0,0,0,0,0.1,0.1
717,122,717,-1.57076954985818,0,0,0,0,0.1,0.1
718,123,718,-1.57076954985818,0,0,0,0,0.1,0.1
719,124,719,-1.57076954985818,0,0,0,0,0.1,0.1
720,125,720,-1.57076954985818,0,0,0,0,0.1,0.1
721,126,721,-1.57076954985818,0,0,0,0,0.1,0.1
722,127,722,-1.57076954985818,0,0,0,0,0.1,0.1
723,128,723,-1.57076954985818,0,0,0,0,0.1,0.1
724,129,724,-1.57076954985818,0,0,0,0,0.1,0.1
725,130,725,-1.55418391534987,0,0,0,0,0.1,0.1
726,131,726,-1.34401563270629,0,0,0,0,0.1,0.1
727,132,727,-1.34401563270629,0,0,0,0,0.1,0.1
728,133,728,-1.34401563270629,0,0,0,0,0.1,0.1
729,134,729,-1.34401563270629,0,0,0,0,0.1,0.1
730,135,730,-1.34401922797373,0,0,0,0,0.1,0.1
731,136,731,-1.34401563270629,0,0,0,0,0.1,0.1
732,137,732,-1.23105139751708,0,0,0,0,0.1,0.1
733,138,733,-1.0195159811385,0,0,0,0,0.1,0.1
734,139,734,-1.01951291850327,0,0,0,0,0.1,0.1
735,140,735,-1.01951791193027,0,0,0,0,0.1,0.1
736,141,736,-1.01951291850327,0,0,0,0,0.1,0.1
737,142,737,-1.01951791193027,0,0,0,0,0.1,0.1
738,143,738,-0.94118668828969,0,0,0,0,0.1,0.1
739,144,739,-0.751704109778899,0,0,0,0,0.1,0.1
740,145,740,-0.751704109778899,0,0,0,0,0.1,0.1
741,146,741,-0.751704109778899,0,0,0,0,0.1,0.1
742,147,742,-0.751704109778899,0,0,0,0,0.1,0.1
743,148,743,-0.751704109778899,0,0,0,0,0.1,0.1
744,149,744,-0.724063094460057,0,0,0,0,0.1,0.1
745,150,745,-0.421982132511971,0,0,0,0,0.1,0.1
746,151,746,-0.421982132511971,0,0,0,0,0.1,0.1
747,152,747,-0.421980634483869,0,0,0,0,0.1,0.1
748,153,748,-0.421980634483869,0,0,0,0,0.1,0.1
749,154,749,-0.421982132511971,0,0,0,0,0.1,0.1
750,155,750,-0.421982132511971,0,0,0,0,0.1,0.1
751,156,751,-0.421980634483869,0,0,0,0,0.1,0.1
752,157,752,-0.218730145744779,0,0,0,0,0.1,0.1
753,158,753,-0.159670637511917,0,0,0,0,0.1,0.1
754,159,754,-0.159670637511917,0,0,0,0,0.1,0.1
755,160,755,-0.159670637511917,0,0,0,0,0.1,0.1
756,161,756,-0.159670637511917,0,0,0,0,0.1,0.1
757,162,757,-0.159670637511917,0,0,0,0,0.1,0.1
758,163,758,-0.159670637511917,0,0,0,0,0.1,0.1
759,164,759,-0.0486399030322082,0,0,0,0,0.1,0.1
760,165,760,-6.28147231330786,0,0,0,0,0.1,0.1
761,166,761,-6.28146858488236,0,0,0,0,0.1,0.1
762,167,762,-6.28147231330786,0,0,0,0,0.1,0.1
763,168,763,-6.28146858488236,0,0,0,0,0.1,0.1
764,169,764,-6.28147231330786,0,0,0,0,0.1,0.1
765,170,765,-6.28146858488236,0,0,0,0,0.1,0.1
766,171,766,-6.28147231330786,0,0,0,0,0.1,0.1
767,172,767,-6.28146858488236,0,0,0,0,0.1,0.1
768,173,768,-6.28147231330786,0,0,0,0,0.1,0.1
769,174,769,-6.26587684208516,0,0,0,0,0.1,0.1
770,175,770,-6.26247758329612,0,0,0,0,0.1,0.1
771,176,771,-6.26247758329612,0,0,0,0,0.1,0.1
772,177,772,-6.26247758329612,0,0,0,0,0.1,0.1
773,178,773,-6.26247758329612,0,0,0,0,0.1,0.1
774,179,774,-6.26247758329612,0,0,0,0,0.1,0.1
775,180,775,-6.26247758329612,0,0,0,0,0.1,0.1
776,181,776,-6.26247758329612,0,0,0,0,0.1,0.1
777,182,777,-6.26247758329612,0,0,0,0,0.1,0.1
778,183,778,-6.26247758329612,0,0,0,0,0.1,0.1
779,184,779,-6.26247758329612,0,0,0,0,0.1,0.1
780,185,780,-6.26247758329612,0,0,0,0,0.1,0.1
781,186,781,-6.26247758329612,0,0,0,0,0.1,0.1
782,187,782,-6.26248184435383,0,0,0,0,0.1,0.1
783,188,783,0,0,0,0,0,0.1,0.1
784,0,784,-0.0113947465933673,0,0,0,0,0.1,0.1
785,1,785,-0.0113947465933673,0,0,0,0,0.1,0.1
786,2,786,-0.0113947465933673,0,0,0,0,0.1,0.1
787,3,787,-0.0113947465933673,0,0,0,0,0.1,0.1
788,4,788,-0.0113947465933673,0,0,0,0,0.1,0.1
789,5,789,-0.0113947569963402,0,0,0,0,0.1,0.1
790,6,790,-0.0113947465933673,0,0,0,0,0.1,0.1
791,7,791,-0.0113947465933673,0,0,0,0,0.1,0.1
792,8,792,-0.0113947465933673,0,0,0,0,0.1,0.1
793,9,793,-0.0113947465933673,0,0,0,0,0.1,0.1
794,10,794,-0.0113947465933673,0,0,0,0,0.1,0.1
795,11,795,-0.0113947465933673,0,0,0,0,0.1,0.1
796,12,796,-0.0113947465933673,0,0,0,0,0.1,0.1
797,13,797,-0.0113947465933673,0,0,0,0,0.1,0.1
798,14,798,-0.0113947465933673,0,0,0,0,0.1,0.1
799,15,799,-0.0113947465933673,0,0,0,0,0.1,0.1
800,16,800,-0.0113909318231947,0,0,0,0,0.1,0.1
801,17,801,-0.0113947465933673,0,0,0,0,0.1,0.1
802,18,802,-0.0113909318231947,0,0,0,0,0.1,0.1
803,19,803,-0.0113947465933673,0,0,0,0,0.1,0.1
804,20,804,-0.0113909318231947,0,0,0,0,0.1,0.1
805,21,805,-0.0113947465933673,0,0,0,0,0.1,0.1
806,22,806,-0.0113909318231947,0,0,0,0,0.1,0.1
807,23,807,-0.010101513497448,0,0,0,0,0.1,0.1
808,24,808,-0.00854122568350602,0,0,0,0,0.1,0.1
809,25,809,-0.00854122568350602,0,0,0,0,0.1,0.1
810,26,810,-0.0085450399335299,0,0,0,0,0.1,0.1
811,27,811,-0.00854122568350602,0,0,0,0,0.1,0.1
812,28,812,-0.270418823085725,0,0,0,0,0.1,0.1
813,29,813,-0.448209608514176,0,0,0,0,0.1,0.1
814,30,814,-0.448209608514176,0,0,0,0,0.1,0.1
815,31,815,-0.448209608514176,0,0,0,0,0.1,0.1
816,32,816,-0.452341369755374,0,0,0,0,0.1,0.1
817,33,817,-0.687038231375929,0,0,0,0,0.1,0.1
818,34,818,-0.687038231375929,0,0,0,0,0.1,0.1
819,35,819,-0.687038231375929,0,0,0,0,0.1,0.1
820,36,820,-0.687038231375929,0,0,0,0,0.1,0.1
821,37,821,-0.816948426766153,0,0,0,0,0.1,0.1
822,38,822,-0.974675472684829,0,0,0,0,0.1,0.1
823,39,823,-0.974675472684829,0,0,0,0,0.1,0.1
824,40,824,-0.9746724100496,0,0,0,0,0.1,0.1
825,41,825,-1.14594009868881,0,0,0,0,0.1,0.1
826,42,826,-1.37813192442842,0,0,0,0,0.1,0.1
827,43,827,-1.37813192442842,0,0,0,0,0.1,0.1
828,44,828,-1.37812819600292,0,0,0,0,0.1,0.1
829,45,829,-1.37813192442842,0,0,0,0,0.1,0.1
830,46,830,-1.46386720189525,0,0,0,0,0.1,0.1
831,47,831,-1.56680996198013,0,0,0,0,0.1,0.1
832,48,832,-1.56680996198013,0,0,0,0,0.1,0.1
833,49,833,-1.56681382356368,0,0,0,0,0.1,0.1
834,50,834,-1.56680996198013,0,0,0,0,0.1,0.1
835,51,835,-1.56681382356368,0,0,0,0,0.1,0.1
836,52,836,-1.56680996198013,0,0,0,0,0.1,0.1
837,53,837,-1.56681382356368,0,0,0,0,0.1,0.1
838,54,838,-1.56680996198013,0,0,0,0,0.1,0.1
839,55,839,-1.56681382356368,0,0,0,0,0.1,0.1
840,56,840,-1.57070856346969,0,0,0,0,0.1,0.1
841,57,841,-1.57405415956319,0,0,0,0,0.1,0.1
842,58,842,-1.57405415956319,0,0,0,0,0.1,0.1
843,59,843,-1.57405415956319,0,0,0,0,0.1,0.1
844,60,844,-1.57405788798869,0,0,0,0,0.1,0.1
845,61,845,-1.57405415956319,0,0,0,0,0.1,0.1
846,62,846,-1.57405788798869,0,0,0,0,0.1,0.1
847,63,847,-1.57405415956319,0,0,0,0,0.1,0.1
848,64,848,-1.57405788798869,0,0,0,0,0.1,0.1
849,65,849,-1.57405415956319,0,0,0,0,0.1,0.1
850,66,850,-1.57405788798869,0,0,0,0,0.1,0.1
851,67,851,-1.57405415956319,0,0,0,0,0.1,0.1
852,68,852,-1.57239074915921,0,0,0,0,0.1,0.1
853,69,853,-1.56811464458805,0,0,0,0,0.1,0.1
854,70,854,-1.56811464458805,0,0,0,0,0.1,0.1
855,71,855,-1.56811464458805,0,0,0,0,0.1,0.1
856,72,856,-1.56811464458805,0,0,0,0,0.1,0.1
857,73,857,-1.56811464458805,0,0,0,0,0.1,0.1
858,74,858,-1.56811464458805,0,0,0,0,0.1,0.1
859,75,859,-1.56811464458805,0,0,0,0,0.1,0.1
860,76,860,-1.56811464458805,0,0,0,0,0.1,0.1
861,77,861,-1.56811464458805,0,0,0,0,0.1,0.1
862,78,862,-1.56811464458805,0,0,0,0,0.1,0.1
863,79,863,-1.56811464458805,0,0,0,0,0.1,0.1
864,80,864,-1.5681185061716,0,0,0,0,0.1,0.1
865,81,865,-1.56811464458805,0,0,0,0,0.1,0.1
866,82,866,-1.5681185061716,0,0,0,0,0.1,0.1
867,83,867,-1.57179193739275,0,0,0,0,0.1,0.1
868,84,868,-1.57383285087832,0,0,0,0,0.1,0.1
869,85,869,-1.57383285087832,0,0,0,0,0.1,0.1
870,86,870,-1.57383285087832,0,0,0,0,0.1,0.1
871,87,871,-1.57383285087832,0,0,0,0,0.1,0.1
872,88,872,-1.57383271772026,0,0,0,0,0.1,0.1
873,89,873,-1.57382912245282,0,0,0,0,0.1,0.1
874,90,874,-1.57383271772026,0,0,0,0,0.1,0.1
875,91,875,-1.57382912245282,0,0,0,0,0.1,0.1
876,92,876,-1.57383271772026,0,0,0,0,0.1,0.1
877,93,877,-1.57382912245282,0,0,0,0,0.1,0.1
878,94,878,-1.57383271772026,0,0,0,0,0.1,0.1
879,95,879,-1.57382912245282,0,0,0,0,0.1,0.1
880,96,880,-1.57215825519785,0,0,0,0,0.1,0.1
881,97,881,-1.57080004305243,0,0,0,0,0.1,0.1
882,98,882,-1.57080004305243,0,0,0,0,0.1,0.1
883,99,883,-1.57080004305243,0,0,0,0,0.1,0.1
884,100,884,-1.57080004305243,0,0,0,0,0.1,0.1
885,101,885,-1.57080004305243,0,0,0,0,0.1,0.1
886,102,886,-1.57080004305243,0,0,0,0,0.1,0.1
887,103,887,-1.57080004305243,0,0,0,0,0.1,0.1
888,104,888,-1.57080004305243,0,0,0,0,0.1,0.1
889,105,889,-1.57080004305243,0,0,0,0,0.1,0.1
890,106,890,-1.57080004305243,0,0,0,0,0.1,0.1
891,107,891,-1.57080004305243,0,0,0,0,0.1,0.1
892,108,892,-1.57080004305243,0,0,0,0,0.1,0.1
893,109,893,-1.57080004305243,0,0,0,0,0.1,0.1
894,110,894,-1.57009443852708,0,0,0,0,0.1,0.1
895,111,895,-1.56715337660003,0,0,0,0,0.1,0.1
896,112,896,-1.56715337660003,0,0,0,0,0.1,0.1
897,113,897,-1.56715337660003,0,0,0,0,0.1,0.1
898,114,898,-1.56714964817454,0,0,0,0,0.1,0.1
899,115,899,-1.56715337660003,0,0,0,0,0.1,0.1
900,116,900,-1.56714964817454,0,0,0,0,0.1,0.1
901,117,901,-1.56715337660003,0,0,0,0,0.1,0.1
902,118,902,-1.56714964817454,0,0,0,0,0.1,0.1
903,119,903,-1.56715337660003,0,0,0,0,0.1,0.1
904,120,904,-1.56714964817454,0,0,0,0,0.1,0.1
905,121,905,-1.66083139879845,0,0,0,0,0.1,0.1
906,122,906,-1.8567911845043,0,0,0,0,0.1,0.1
907,123,907,-1.8567911845043,0,0,0,0,0.1,0.1
908,124,908,-1.8567911845043,0,0,0,0,0.1,0.1
909,125,909,-2.04792971656808,0,0,0,0,0.1,0.1
910,126,910,-2.09251595971864,0,0,0,0,0.1,0.1
911,127,911,-2.09251595971864,0,0,0,0,0.1,0.1
912,128,912,-2.12668871045544,0,0,0,0,0.1,0.1
913,129,913,-2.32217658401979,0,0,0,0,0.1,0.1
914,130,914,-2.32217658401979,0,0,0,0,0.1,0.1
915,131,915,-2.32217658401979,0,0,0,0,0.1,0.1
916,132,916,-2.55027047066378,0,0,0,0,0.1,0.1
917,133,917,-2.59391035952831,0,0,0,0,0.1,0.1
918,134,918,-2.59391515321823,0,0,0,0,0.1,0.1
919,135,919,-2.6061004466915,0,0,0,0,0.1,0.1
920,136,920,-3.02213387632264,0,0,0,0,0.1,0.1
921,137,921,-3.02213387632264,0,0,0,0,0.1,0.1
922,138,922,-3.02213387632264,0,0,0,0,0.1,0.1
923,139,923,-3.02213387632264,0,0,0,0,0.1,0.1
924,140,924,-3.02213014789714,0,0,0,0,0.1,0.1
925,141,925,-3.02605591362962,0,0,0,0,0.1,0.1
926,142,926,-3.12614256662556,0,0,0,0,0.1,0.1
927,143,927,-3.12614256662556,0,0,0,0,0.1,0.1
928,144,928,-3.12614629505106,0,0,0,0,0.1,0.1
929,145,929,-3.12614256662556,0,0,0,0,0.1,0.1
930,146,930,-3.12614629505106,0,0,0,0,0.1,0.1
931,147,931,-3.12944621793221,0,0,0,0,0.1,0.1
932,148,932,-3.13236477614822,0,0,0,0,0.1,0.1
933,149,933,-3.13236477614822,0,0,0,0,0.1,0.1
934,150,934,-3.13236477614822,0,0,0,0,0.1,0.1
935,151,935,-3.13236477614822,0,0,0,0,0.1,0.1
936,152,936,-3.13236477614822,0,0,0,0,0.1,0.1
937,153,937,-3.13236477614822,0,0,0,0,0.1,0.1
938,154,938,-3.13236477614822,0,0,0,0,0.1,0.1
939,155,939,-3.13236477614822,0,0,0,0,0.1,0.1
940,156,940,-3.13236104772272,0,0,0,0,0.1,0.1
941,157,941,-3.13576749704666,0,0,0,0,0.1,0.1
942,158,942,-3.1391435863344,0,0,0,0,0.1,0.1
943,159,943,-3.1391435863344,0,0,0,0,0.1,0.1
944,160,944,-3.1391435863344,0,0,0,0,0.1,0.1
945,161,945,-3.1391435863344,0,0,0,0,0.1,0.1
946,162,946,-3.1391435863344,0,0,0,0,0.1,0.1
947,163,947,-3.1391398579089,0,0,0,0,0.1,0.1
948,164,948,-3.1391435863344,0,0,0,0,0.1,0.1
949,165,949,-3.1391398579089,0,0,0,0,0.1,0.1
950,166,950,-3.1391435863344,0,0,0,0,0.1,0.1
951,167,951,-3.13913666211562,0,0,0,0,0.1,0.1
952,168,952,0,0,0,0,0,0.1,0.1
953,0,953,-0.0244317564273455,0,0,0,0,0.1,0.1
954,1,954,-0.0244317564273455,0,0,0,0,0.1,0.1
955,2,955,-0.0244279406168757,0,0,0,0,0.1,0.1
956,3,956,-0.0244317564273455,0,0,0,0,0.1,0.1
957,4,957,-0.0244279406168757,0,0,0,0,0.1,0.1
958,5,958,-0.0244317335408051,0,0,0,0,0.1,0.1
959,6,959,-0.0244279198109298,0,0,0,0,0.1,0.1
960,7,960,-0.0244317335408051,0,0,0,0,0.1,0.1
961,8,961,-0.0244279198109298,0,0,0,0,0.1,0.1
962,9,962,-0.0244317335408051,0,0,0,0,0.1,0.1
963,10,963,-0.0244279198109298,0,0,0,0,0.1,0.1
964,11,964,-0.0244317335408051,0,0,0,0,0.1,0.1
965,12,965,-0.0244279198109298,0,0,0,0,0.1,0.1
966,13,966,-0.0244317335408051,0,0,0,0,0.1,0.1
967,14,967,-0.0244279198109298,0,0,0,0,0.1,0.1
968,15,968,-0.0244317335408051,0,0,0,0,0.1,0.1
969,16,969,-0.0244279198109298,0,0,0,0,0.1,0.1
970,17,970,-0.0244317335408051,0,0,0,0,0.1,0.1
971,18,971,-0.0244279198109298,0,0,0,0,0.1,0.1
972,19,972,-0.0195823731464717,0,0,0,0,0.1,0.1
973,20,973,-0.0134586464879205,0,0,0,0,0.1,0.1
974,21,974,-0.0134586464879205,0,0,0,0,0.1,0.1
975,22,975,-0.0134586724953528,0,0,0,0,0.1,0.1
976,23,976,-0.0134586724953528,0,0,0,0,0.1,0.1
977,24,977,-0.0134548577251803,0,0,0,0,0.1,0.1
978,25,978,-6.13002739803591,0,0,0,0,0.1,0.1
979,26,979,-6.12324059836652,0,0,0,0,0.1,0.1
980,27,980,-6.12324432679202,0,0,0,0,0.1,0.1
981,28,981,-6.12324059836652,0,0,0,0,0.1,0.1
982,29,982,-6.12324432679202,0,0,0,0,0.1,0.1
983,30,983,-6.12324059836652,0,0,0,0,0.1,0.1
984,31,984,-5.97814519171635,0,0,0,0,0.1,0.1
985,32,985,-5.91648182768211,0,0,0,0,0.1,0.1
986,33,986,-5.91648182768211,0,0,0,0,0.1,0.1
987,34,987,-5.9164855561076,0,0,0,0,0.1,0.1
988,35,988,-5.9164855561076,0,0,0,0,0.1,0.1
989,36,989,-5.79511944721844,0,0,0,0,0.1,0.1
990,37,990,-5.58081913701756,0,0,0,0,0.1,0.1
991,38,991,-5.58081913701756,0,0,0,0,0.1,0.1
992,39,992,-5.58081913701756,0,0,0,0,0.1,0.1
993,40,993,-5.58081913701756,0,0,0,0,0.1,0.1
994,41,994,-5.58082233281084,0,0,0,0,0.1,0.1
995,42,995,-5.41645789055877,0,0,0,0,0.1,0.1
996,43,996,-5.31702504360538,0,0,0,0,0.1,0.1
997,44,997,-5.31702291307653,0,0,0,0,0.1,0.1
998,45,998,-5.31702291307653,0,0,0,0,0.1,0.1
999,46,999,-5.31702291307653,0,0,0,0,0.1,0.1
1000,47,1000,-5.31702291307653,0,0,0,0,0.1,0.1
1001,48,1001,-5.28349744363766,0,0,0,0,0.1,0.1
1002,49,1002,-5.01479407911006,0,0,0,0,0.1,0.1
1003,50,1003,-5.01479407911006,0,0,0,0,0.1,0.1
1004,51,1004,-5.01479727490334,0,0,0,0,0.1,0.1
1005,52,1005,-5.01479407911006,0,0,0,0,0.1,0.1
1006,53,1006,-5.01479834016777,0,0,0,0,0.1,0.1
1007,54,1007,-4.90108509092778,0,0,0,0,0.1,0.1
1008,55,1008,-4.73723623665876,0,0,0,0,0.1,0.1
1009,56,1009,-4.73723623665876,0,0,0,0,0.1,0.1
1010,57,1010,-4.73723623665876,0,0,0,0,0.1,0.1
1011,58,1011,-4.73723623665876,0,0,0,0,0.1,0.1
1012,59,1012,-4.73723623665876,0,0,0,0,0.1,0.1
1013,60,1013,-4.73723623665876,0,0,0,0,0.1,0.1
1014,61,1014,-4.73723623665876,0,0,0,0,0.1,0.1
1015,62,1015,-4.73723623665876,0,0,0,0,0.1,0.1
1016,63,1016,-4.73723623665876,0,0,0,0,0.1,0.1
1017,64,1017,-4.71923646362256,0,0,0,0,0.1,0.1
1018,65,1018,-4.71585637959322,0,0,0,0,0.1,0.1
1019,66,1019,-4.71585637959322,0,0,0,0,0.1,0.1
1020,67,1020,-4.71585637959322,0,0,0,0,0.1,0.1
1021,68,1021,-4.71585637959322,0,0,0,0,0.1,0.1
1022,69,1022,-4.71585637959322,0,0,0,0,0.1,0.1
1023,70,1023,-4.71585637959322,0,0,0,0,0.1,0.1
1024,71,1024,-4.71585637959322,0,0,0,0,0.1,0.1
1025,72,1025,-4.71585637959322,0,0,0,0,0.1,0.1
1026,73,1026,-4.71585637959322,0,0,0,0,0.1,0.1
1027,74,1027,-4.71585637959322,0,0,0,0,0.1,0.1
1028,75,1028,-4.71585637959322,0,0,0,0,0.1,0.1
1029,76,1029,-4.71585637959322,0,0,0,0,0.1,0.1
1030,77,1030,-4.71585637959322,0,0,0,0,0.1,0.1
1031,78,1031,-4.71585637959322,0,0,0,0,0.1,0.1
1032,79,1032,-4.71585637959322,0,0,0,0,0.1,0.1
1033,80,1033,-4.71586010801872,0,0,0,0,0.1,0.1
1034,81,1034,-4.71482254046606,0,0,0,0,0.1,0.1
1035,82,1035,-4.71464304340998,0,0,0,0,0.1,0.1
1036,83,1036,-4.71464304340998,0,0,0,0,0.1,0.1
1037,84,1037,-4.71464304340998,0,0,0,0,0.1,0.1
1038,85,1038,-4.71464304340998,0,0,0,0,0.1,0.1
1039,86,1039,-4.71464304340998,0,0,0,0,0.1,0.1
1040,87,1040,-4.71464304340998,0,0,0,0,0.1,0.1
1041,88,1041,-4.71464304340998,0,0,0,0,0.1,0.1
1042,89,1042,-4.71464304340998,0,0,0,0,0.1,0.1
1043,90,1043,-4.71464304340998,0,0,0,0,0.1,0.1
1044,91,1044,-4.71464730446769,0,0,0,0,0.1,0.1
1045,92,1045,-4.71464304340998,0,0,0,0,0.1,0.1
1046,93,1046,-4.71464730446769,0,0,0,0,0.1,0.1
1047,94,1047,-4.71115643293786,0,0,0,0,0.1,0.1
1048,95,1048,-4.71032925510968,0,0,0,0,0.1,0.1
1049,96,1049,-4.71032925510968,0,0,0,0,0.1,0.1
1050,97,1050,-4.71032925510968,0,0,0,0,0.1,0.1
1051,98,1051,-4.71032925510968,0,0,0,0,0.1,0.1
1052,99,1052,-4.71032925510968,0,0,0,0,0.1,0.1
1053,100,1053,-4.71032925510968,0,0,0,0,0.1,0.1
1054,101,1054,-4.71033298353518,0,0,0,0,0.1,0.1
1055,102,1055,-4.71032925510968,0,0,0,0,0.1,0.1
1056,103,1056,-4.71033298353518,0,0,0,0,0.1,0.1
1057,104,1057,-4.71032925510968,0,0,0,0,0.1,0.1
1058,105,1058,-4.71033298353518,0,0,0,0,0.1,0.1
1059,106,1059,-4.71032925510968,0,0,0,0,0.1,0.1
1060,107,1060,-4.71033298353518,0,0,0,0,0.1,0.1
1061,108,1061,-4.70903176303665,0,0,0,0,0.1,0.1
1062,109,1062,-4.70517497317587,0,0,0,0,0.1,0.1
1063,110,1063,-4.70517497317587,0,0,0,0,0.1,0.1
1064,111,1064,-4.70517497317587,0,0,0,0,0.1,0.1
1065,112,1065,-4.70517497317587,0,0,0,0,0.1,0.1
1066,113,1066,-4.70517497317587,0,0,0,0,0.1,0.1
1067,114,1067,-4.70517497317587,0,0,0,0,0.1,0.1
1068,115,1068,-4.70517497317587,0,0,0,0,0.1,0.1
1069,116,1069,-4.70517497317587,0,0,0,0,0.1,0.1
1070,117,1070,-4.70517497317587,0,0,0,0,0.1,0.1
1071,118,1071,-4.70517497317587,0,0,0,0,0.1,0.1
1072,119,1072,-4.70517923423358,0,0,0,0,0.1,0.1
1073,120,1073,-4.70517497317587,0,0,0,0,0.1,0.1
1074,121,1074,-4.71156123342041,0,0,0,0,0.1,0.1
1075,122,1075,-4.7123623122701,0,0,0,0,0.1,0.1
1076,123,1076,-4.7123623122701,0,0,0,0,0.1,0.1
1077,124,1077,-4.7123623122701,0,0,0,0,0.1,0.1
1078,125,1078,-4.7123623122701,0,0,0,0,0.1,0.1
1079,126,1079,-4.7123623122701,0,0,0,0,0.1,0.1
1080,127,1080,-4.7123623122701,0,0,0,0,0.1,0.1
1081,128,1081,-4.7123623122701,0,0,0,0,0.1,0.1
1082,129,1082,-4.7123623122701,0,0,0,0,0.1,0.1
1083,130,1083,-4.71235805121239,0,0,0,0,0.1,0.1
1084,131,1084,-4.5222349824644,0,0,0,0,0.1,0.1
1085,132,1085,-4.48561172406954,0,0,0,0,0.1,0.1
1086,133,1086,-4.48561172406954,0,0,0,0,0.1,0.1
1087,134,1087,-4.48560799564405,0,0,0,0,0.1,0.1
1088,135,1088,-4.48561172406954,0,0,0,0,0.1,0.1
1089,136,1089,-4.48560799564405,0,0,0,0,0.1,0.1
1090,137,1090,-4.44926303758095,0,0,0,0,0.1,0.1
1091,138,1091,-4.16110554775713,0,0,0,0,0.1,0.1
1092,139,1092,-4.16110554775713,0,0,0,0,0.1,0.1
1093,140,1093,-4.16110554775713,0,0,0,0,0.1,0.1
1094,141,1094,-4.16111060776316,0,0,0,0,0.1,0.1
1095,142,1095,-4.16110554775713,0,0,0,0,0.1,0.1
1096,143,1096,-4.1458498958869,0,0,0,0,0.1,0.1
1097,144,1097,-3.89329673903276,0,0,0,0,0.1,0.1
1098,145,1098,-3.89329407587169,0,0,0,0,0.1,0.1
1099,146,1099,-3.89329407587169,0,0,0,0,0.1,0.1
1100,147,1100,-3.89329673903276,0,0,0,0,0.1,0.1
1101,148,1101,-3.89329114639452,0,0,0,0,0.1,0.1
1102,149,1102,-3.89329673903276,0,0,0,0,0.1,0.1
1103,150,1103,-3.61281794152049,0,0,0,0,0.1,0.1
1104,151,1104,-3.56357476176584,0,0,0,0,0.1,0.1
1105,152,1105,-3.56357476176584,0,0,0,0,0.1,0.1
1106,153,1106,-3.56357476176584,0,0,0,0,0.1,0.1
1107,154,1107,-3.56357849019133,0,0,0,0,0.1,0.1
1108,155,1108,-3.56357476176584,0,0,0,0,0.1,0.1
1109,156,1109,-3.56357849019133,0,0,0,0,0.1,0.1
1110,157,1110,-3.42244799774136,0,0,0,0,0.1,0.1
1111,158,1111,-3.30126298380492,0,0,0,0,0.1,0.1
1112,159,1112,-3.30126298380492,0,0,0,0,0.1,0.1
1113,160,1113,-3.30126298380492,0,0,0,0,0.1,0.1
1114,161,1114,-3.30126298380492,0,0,0,0,0.1,0.1
1115,162,1115,-3.30126697854652,0,0,0,0,0.1,0.1
1116,163,1116,-3.30126298380492,0,0,0,0,0.1,0.1
1117,164,1117,-3.22838771166829,0,0,0,0,0.1,0.1
1118,165,1118,-3.1398762219446,0,0,0,0,0.1,0.1
1119,166,1119,-3.1398762219446,0,0,0,0,0.1,0.1
1120,167,1120,-3.1398762219446,0,0,0,0,0.1,0.1
1121,168,1121,-3.1398762219446,0,0,0,0,0.1,0.1
1122,169,1122,-3.1398799503701,0,0,0,0,0.1,0.1
1123,170,1123,-3.1398762219446,0,0,0,0,0.1,0.1
1124,171,1124,-3.1398799503701,0,0,0,0,0.1,0.1
1125,172,1125,-3.1398762219446,0,0,0,0,0.1,0.1
1126,173,1126,-3.1398799503701,0,0,0,0,0.1,0.1
1127,174,1127,-3.13932308339048,0,0,0,0,0.1,0.1
1128,175,1128,-3.13893000081663,0,0,0,0,0.1,0.1
1129,176,1129,-3.13893000081663,0,0,0,0,0.1,0.1
1130,177,1130,-3.13893000081663,0,0,0,0,0.1,0.1
1131,178,1131,-3.13893000081663,0,0,0,0,0.1,0.1
1132,179,1132,-3.13893000081663,0,0,0,0,0.1,0.1
1133,180,1133,-3.13893000081663,0,0,0,0,0.1,0.1
1134,181,1134,-3.13893000081663,0,0,0,0,0.1,0.1
1135,182,1135,-3.13893000081663,0,0,0,0,0.1,0.1
1136,183,1136,-3.13892627239113,0,0,0,0,0.1,0.1
1137,184,1137,-3.13893000081663,0,0,0,0,0.1,0.1
1138,185,1138,-3.13892627239113,0,0,0,0,0.1,0.1
1139,186,1139,-3.13893000081663,0,0,0,0,0.1,0.1
1140,187,1140,-3.13892653870724,0,0,0,0,0.1,0.1
1141,188,1141,0,0,0,0,0,0.1,0.1
