ID,LID,Height,Width,Dir,LinkID
1,5351,0.15,0.15,1,5279
2,5352,0.15,0.15,1,5279
3,5353,0.15,0.15,1,5279
4,5354,0.15,0.15,1,5280
5,5355,0.15,0.15,1,5280
6,5356,0.15,0.15,1,5281
7,5357,0.15,0.15,1,5281
8,5358,0.15,0.15,1,5282
9,5359,0.15,0.15,1,5285
10,5360,0.15,0.15,1,5291
11,5361,0.15,0.15,1,5294
12,5362,0.15,0.15,1,5297
13,5363,0.15,0.15,1,5303
14,5364,0.15,0.15,1,5308
15,5365,0.15,0.15,1,5312
16,5366,0.15,0.15,1,5316
17,5367,0.15,0.15,1,5322
18,5368,0.15,0.15,1,5326
19,5369,0.15,0.15,1,5329
20,5370,0.15,0.15,1,5333
21,5371,0.15,0.15,1,5337
22,5372,0.15,0.15,1,5341
23,5373,0.15,0.15,1,5345
24,5374,0.15,0.15,1,5349
25,5375,0.15,0.15,1,5353
26,5376,0.15,0.15,1,5357
27,5377,0.15,0.15,1,5361
28,5378,0.15,0.15,1,5365
29,5379,0.15,0.15,1,5369
30,5380,0.15,0.15,1,5373
31,5381,0.15,0.15,1,5374
32,5382,0.15,0.15,1,4260
33,5383,0.15,0.15,1,4260
34,5384,0.15,0.15,1,4260
35,5385,0.15,0.15,1,4261
36,5386,0.15,0.15,1,4261
37,5387,0.15,0.15,1,4263
38,5388,0.15,0.15,1,4267
39,5389,0.15,0.15,1,4273
40,5390,0.15,0.15,1,4279
41,5391,0.15,0.15,1,4285
42,5392,0.15,0.15,1,4290
43,5393,0.15,0.15,1,4295
44,5394,0.15,0.15,1,4301
45,5395,0.15,0.15,1,4307
46,5396,0.15,0.15,1,4314
47,5397,0.15,0.15,1,4322
48,5398,0.15,0.15,1,4327
49,5399,0.15,0.15,1,4332
50,5400,0.15,0.15,1,4341
51,5401,0.15,0.15,1,4347
52,5402,0.15,0.15,1,4352
53,5403,0.15,0.15,1,4357
54,5404,0.15,0.15,1,4363
55,5405,0.15,0.15,1,4370
56,5406,0.15,0.15,1,4376
57,5407,0.15,0.15,1,4380
58,5408,0.15,0.15,1,4384
59,5409,0.15,0.15,1,4390
60,5410,0.15,0.15,1,4396
61,5411,0.15,0.15,1,4401
62,5412,0.15,0.15,1,4407
63,5413,0.15,0.15,1,4413
64,5414,0.15,0.15,1,4419
65,5415,0.15,0.15,1,4425
66,5416,0.15,0.15,1,4431
67,5417,0.15,0.15,1,4438
68,5418,0.15,0.15,1,4444
69,5419,0.15,0.15,1,4450
70,5420,0.15,0.15,1,4456
71,5421,0.15,0.15,1,4462
72,5422,0.15,0.15,1,4468
73,5423,0.15,0.15,1,4474
74,5424,0.15,0.15,1,4479
75,5425,0.15,0.15,1,4485
76,5426,0.15,0.15,1,4491
77,5427,0.15,0.15,1,4497
78,5428,0.15,0.15,1,4501
79,5429,0.15,0.15,1,4505
80,5430,0.15,0.15,1,4511
81,5431,0.15,0.15,1,4517
82,5432,0.15,0.15,1,4523
83,5433,0.15,0.15,1,4530
84,5434,0.15,0.15,1,4536
85,5435,0.15,0.15,1,4541
86,5436,0.15,0.15,1,4547
87,5437,0.15,0.15,1,4553
88,5438,0.15,0.15,1,4559
89,5439,0.15,0.15,1,4565
90,5440,0.15,0.15,1,4571
91,5441,0.15,0.15,1,4576
92,5442,0.15,0.15,1,4582
93,5443,0.15,0.15,1,4588
94,5444,0.15,0.15,1,4594
95,5445,0.15,0.15,1,4600
96,5446,0.15,0.15,1,4606
97,5447,0.15,0.15,1,4612
98,5448,0.15,0.15,1,4618
99,5449,0.15,0.15,1,4625
100,5450,0.15,0.15,1,4631
101,5451,0.15,0.15,1,4636
102,5452,0.15,0.15,1,4642
103,5453,0.15,0.15,1,4649
104,5454,0.15,0.15,1,4655
105,5455,0.15,0.15,1,4661
106,5456,0.15,0.15,1,4667
107,5457,0.15,0.15,1,4673
108,5458,0.15,0.15,1,4680
109,5459,0.15,0.15,1,4686
110,5460,0.15,0.15,1,4691
111,5461,0.15,0.15,1,4697
112,5462,0.15,0.15,1,4703
113,5463,0.15,0.15,1,4710
114,5464,0.15,0.15,1,4716
115,5465,0.15,0.15,1,4722
116,5466,0.15,0.15,1,4728
117,5467,0.15,0.15,1,4734
118,5468,0.15,0.15,1,4740
119,5469,0.15,0.15,1,4746
120,5470,0.15,0.15,1,4752
121,5471,0.15,0.15,1,4758
122,5472,0.15,0.15,1,4764
123,5473,0.15,0.15,1,4770
124,5474,0.15,0.15,1,4775
125,5475,0.15,0.15,1,4782
126,5476,0.15,0.15,1,4785
127,5477,0.15,0.15,1,4789
128,5478,0.15,0.15,1,4796
129,5479,0.15,0.15,1,4803
130,5480,0.15,0.15,1,4808
131,5481,0.15,0.15,1,4813
132,5482,0.15,0.15,1,4816
133,5483,0.15,0.15,1,4820
134,5484,0.15,0.15,1,4826
135,5485,0.15,0.15,1,4831
136,5486,0.15,0.15,1,4839
137,5487,0.15,0.15,1,4851
138,5488,0.15,0.15,1,4860
139,5489,0.15,0.15,1,4866
140,5490,0.15,0.15,1,4875
141,5491,0.15,0.15,1,4886
142,5492,0.15,0.15,1,4898
143,5493,0.15,0.15,1,4907
144,5494,0.15,0.15,1,4919
145,5495,0.15,0.15,1,4931
146,5496,0.15,0.15,1,4937
147,5497,0.15,0.15,1,4943
148,5498,0.15,0.15,1,4949
149,5499,0.15,0.15,1,4961
150,5500,0.15,0.15,1,4976
151,5501,0.15,0.15,1,4985
152,5502,0.15,0.15,1,4994
153,5503,0.15,0.15,1,5003
154,5504,0.15,0.15,1,5010
155,5505,0.15,0.15,1,5016
156,5506,0.15,0.15,1,5023
157,5507,0.15,0.15,1,5030
158,5508,0.15,0.15,1,5036
159,5509,0.15,0.15,1,5045
160,5510,0.15,0.15,1,5055
161,5511,0.15,0.15,1,5064
162,5512,0.15,0.15,1,5073
163,5513,0.15,0.15,1,5081
164,5514,0.15,0.15,1,5087
165,5515,0.15,0.15,1,5093
166,5516,0.15,0.15,1,5100
167,5517,0.15,0.15,1,5105
168,5518,0.15,0.15,1,5117
169,5519,0.15,0.15,1,5131
170,5520,0.15,0.15,1,5135
171,5521,0.15,0.15,1,5140
172,5522,0.15,0.15,1,5146
173,5523,0.15,0.15,1,5151
174,5524,0.15,0.15,1,5163
175,5525,0.15,0.15,1,5176
176,5526,0.15,0.15,1,5181
177,5527,0.15,0.15,1,5186
178,5528,0.15,0.15,1,5190
179,5529,0.15,0.15,1,5194
180,5530,0.15,0.15,1,5198
181,5531,0.15,0.15,1,5202
182,5532,0.15,0.15,1,5206
183,5533,0.15,0.15,1,5211
184,5534,0.15,0.15,1,5215
185,5535,0.15,0.15,1,5218
186,5536,0.15,0.15,1,5221
187,5537,0.15,0.15,1,5225
188,5538,0.15,0.15,1,5229
189,5539,0.15,0.15,1,5233
190,5540,0.15,0.15,1,5237
191,5541,0.15,0.15,1,5241
192,5542,0.15,0.15,1,5245
193,5543,0.15,0.15,1,5249
194,5544,0.15,0.15,1,5253
195,5545,0.15,0.15,1,5257
196,5546,0.15,0.15,1,5260
197,5547,0.15,0.15,1,5264
198,5548,0.15,0.15,1,5268
199,5549,0.15,0.15,1,5270
200,5550,0.15,0.15,1,5270
201,5551,0.15,0.15,1,5271
202,5552,0.15,0.15,1,5271
203,5553,0.15,0.15,1,5271
204,5554,0.15,0.15,1,5271
205,5555,0.15,0.15,1,5272
206,5556,0.15,0.15,1,5272
207,5557,0.15,0.15,1,5272
208,5558,0.15,0.15,1,3619
209,5559,0.15,0.15,1,3619
210,5560,0.15,0.15,1,3619
211,5561,0.15,0.15,1,3620
212,5562,0.15,0.15,1,3620
213,5563,0.15,0.15,1,3620
214,5564,0.15,0.15,1,3621
215,5565,0.15,0.15,1,3625
216,5566,0.15,0.15,1,3631
217,5567,0.15,0.15,1,3636
218,5568,0.15,0.15,1,3640
219,5569,0.15,0.15,1,3644
220,5570,0.15,0.15,1,3648
221,5571,0.15,0.15,1,3654
222,5572,0.15,0.15,1,3660
223,5573,0.15,0.15,1,3667
224,5574,0.15,0.15,1,3672
225,5575,0.15,0.15,1,3676
226,5576,0.15,0.15,1,3682
227,5577,0.15,0.15,1,3689
228,5578,0.15,0.15,1,3693
229,5579,0.15,0.15,1,3697
230,5580,0.15,0.15,1,3703
231,5581,0.15,0.15,1,3708
232,5582,0.15,0.15,1,3714
233,5583,0.15,0.15,1,3720
234,5584,0.15,0.15,1,3726
235,5585,0.15,0.15,1,3732
236,5586,0.15,0.15,1,3737
237,5587,0.15,0.15,1,3744
238,5588,0.15,0.15,1,3751
239,5589,0.15,0.15,1,3758
240,5590,0.15,0.15,1,3766
241,5591,0.15,0.15,1,3772
242,5592,0.15,0.15,1,3777
243,5593,0.15,0.15,1,3781
244,5594,0.15,0.15,1,3788
245,5595,0.15,0.15,1,3794
246,5596,0.15,0.15,1,3800
247,5597,0.15,0.15,1,3806
248,5598,0.15,0.15,1,3812
249,5599,0.15,0.15,1,3818
250,5600,0.15,0.15,1,3824
251,5601,0.15,0.15,1,3830
252,5602,0.15,0.15,1,3835
253,5603,0.15,0.15,1,3841
254,5604,0.15,0.15,1,3845
255,5605,0.15,0.15,1,3846
256,5606,0.15,0.15,1,3849
257,5607,0.15,0.15,1,3854
258,5608,0.15,0.15,1,3860
259,5609,0.15,0.15,1,3866
260,5610,0.15,0.15,1,3872
261,5611,0.15,0.15,1,3880
262,5612,0.15,0.15,1,3886
263,5613,0.15,0.15,1,3893
264,5614,0.15,0.15,1,3898
265,5615,0.15,0.15,1,3904
266,5616,0.15,0.15,1,3910
267,5617,0.15,0.15,1,3916
268,5618,0.15,0.15,1,3922
269,5619,0.15,0.15,1,3928
270,5620,0.15,0.15,1,3934
271,5621,0.15,0.15,1,3941
272,5622,0.15,0.15,1,3947
273,5623,0.15,0.15,1,3953
274,5624,0.15,0.15,1,3959
275,5625,0.15,0.15,1,3965
276,5626,0.15,0.15,1,3971
277,5627,0.15,0.15,1,3977
278,5628,0.15,0.15,1,3983
279,5629,0.15,0.15,1,3989
280,5630,0.15,0.15,1,3995
281,5631,0.15,0.15,1,4002
282,5632,0.15,0.15,1,4007
283,5633,0.15,0.15,1,4011
284,5634,0.15,0.15,1,4017
285,5635,0.15,0.15,1,4022
286,5636,0.15,0.15,1,4027
287,5637,0.15,0.15,1,4031
288,5638,0.15,0.15,1,4037
289,5639,0.15,0.15,1,4040
290,5640,0.15,0.15,1,4045
291,5641,0.15,0.15,1,4051
292,5642,0.15,0.15,1,4057
293,5643,0.15,0.15,1,4062
294,5644,0.15,0.15,1,4069
295,5645,0.15,0.15,1,4075
296,5646,0.15,0.15,1,4080
297,5647,0.15,0.15,1,4085
298,5648,0.15,0.15,1,4090
299,5649,0.15,0.15,1,4096
300,5650,0.15,0.15,1,4104
301,5651,0.15,0.15,1,4111
302,5652,0.15,0.15,1,4117
303,5653,0.15,0.15,1,4123
304,5654,0.15,0.15,1,4129
305,5655,0.15,0.15,1,4136
306,5656,0.15,0.15,1,4142
307,5657,0.15,0.15,1,4148
308,5658,0.15,0.15,1,4155
309,5659,0.15,0.15,1,4161
310,5660,0.15,0.15,1,4167
311,5661,0.15,0.15,1,4174
312,5662,0.15,0.15,1,4181
313,5663,0.15,0.15,1,4187
314,5664,0.15,0.15,1,4193
315,5665,0.15,0.15,1,4199
316,5666,0.15,0.15,1,4205
317,5667,0.15,0.15,1,4211
318,5668,0.15,0.15,1,4217
319,5669,0.15,0.15,1,4223
320,5670,0.15,0.15,1,4229
321,5671,0.15,0.15,1,4235
322,5672,0.15,0.15,1,4240
323,5673,0.15,0.15,1,4244
324,5674,0.15,0.15,1,4248
325,5675,0.15,0.15,1,3529
326,5676,0.15,0.15,1,3530
327,5677,0.15,0.15,1,3530
328,5678,0.15,0.15,1,3531
329,5679,0.15,0.15,1,3532
330,5680,0.15,0.15,1,3535
331,5681,0.15,0.15,1,3540
332,5682,0.15,0.15,1,3547
333,5683,0.15,0.15,1,3553
334,5684,0.15,0.15,1,3559
335,5685,0.15,0.15,1,3565
336,5686,0.15,0.15,1,3571
337,5687,0.15,0.15,1,3577
338,5688,0.15,0.15,1,3584
339,5689,0.15,0.15,1,3591
340,5690,0.15,0.15,1,3597
341,5691,0.15,0.15,1,3601
342,5692,0.15,0.15,1,3602
343,5693,0.15,0.15,1,3603
344,5694,0.15,0.15,1,3604
345,5695,0.15,0.15,1,3604
346,5696,0.15,0.15,1,3605
347,5697,0.15,0.15,1,3606
348,5698,0.15,0.15,1,3606
349,5699,0.15,0.15,1,3607
350,5700,0.15,0.15,1,3471
351,5701,0.15,0.15,1,3471
352,5702,0.15,0.15,1,3472
353,5703,0.15,0.15,1,3472
354,5704,0.15,0.15,1,3475
355,5705,0.15,0.15,1,3480
356,5706,0.15,0.15,1,3486
357,5707,0.15,0.15,1,3492
358,5708,0.15,0.15,1,3498
359,5709,0.15,0.15,1,3504
360,5710,0.15,0.15,1,3509
361,5711,0.15,0.15,1,3514
362,5712,0.15,0.15,1,3517
363,5713,0.15,0.15,1,3519
364,5714,0.15,0.15,1,3520
365,5715,0.15,0.15,1,3520
366,5716,0.15,0.15,1,3521
367,5717,0.15,0.15,1,3451
368,5718,0.15,0.15,1,3451
369,5719,0.15,0.15,1,3452
370,5720,0.15,0.15,1,3453
371,5721,0.15,0.15,1,3453
372,5722,0.15,0.15,1,3454
373,5723,0.15,0.15,1,3455
374,5724,0.15,0.15,1,3457
375,5725,0.15,0.15,1,3459
376,5726,0.15,0.15,1,3460
377,5727,0.15,0.15,1,3461
378,5728,0.15,0.15,1,3462
379,5729,0.15,0.15,1,3463
380,5730,0.15,0.15,1,3464
381,5731,0.15,0.15,1,3398
382,5732,0.15,0.15,1,3399
383,5733,0.15,0.15,1,3400
384,5734,0.15,0.15,1,3400
385,5735,0.15,0.15,1,3401
386,5736,0.15,0.15,1,3401
387,5737,0.15,0.15,1,3402
388,5738,0.15,0.15,1,3404
389,5739,0.15,0.15,1,3404
390,5740,0.15,0.15,1,3408
391,5741,0.15,0.15,1,3414
392,5742,0.15,0.15,1,3420
393,5743,0.15,0.15,1,3426
394,5744,0.15,0.15,1,3432
395,5745,0.15,0.15,1,3436
396,5746,0.15,0.15,1,3439
397,5747,0.15,0.15,1,3440
398,5748,0.15,0.15,1,3441
399,5749,0.15,0.15,1,3441
400,5750,0.15,0.15,1,3442
401,5751,0.15,0.15,1,3293
402,5752,0.15,0.15,1,3293
403,5753,0.15,0.15,1,3294
404,5754,0.15,0.15,1,3294
405,5755,0.15,0.15,1,3295
406,5756,0.15,0.15,1,3295
407,5757,0.15,0.15,1,3298
408,5758,0.15,0.15,1,3303
409,5759,0.15,0.15,1,3309
410,5760,0.15,0.15,1,3316
411,5761,0.15,0.15,1,3323
412,5762,0.15,0.15,1,3329
413,5763,0.15,0.15,1,3336
414,5764,0.15,0.15,1,3342
415,5765,0.15,0.15,1,3347
416,5766,0.15,0.15,1,3353
417,5767,0.15,0.15,1,3359
418,5768,0.15,0.15,1,3365
419,5769,0.15,0.15,1,3371
420,5770,0.15,0.15,1,3377
421,5771,0.15,0.15,1,3381
422,5772,0.15,0.15,1,3385
423,5773,0.15,0.15,1,3388
424,5774,0.15,0.15,1,3389
425,5775,0.15,0.15,1,3389
426,5776,0.15,0.15,1,3390
427,5777,0.15,0.15,1,3390
428,5778,0.15,0.15,1,3199
429,5779,0.15,0.15,1,3200
430,5780,0.15,0.15,1,3200
431,5781,0.15,0.15,1,3201
432,5782,0.15,0.15,1,3201
433,5783,0.15,0.15,1,3202
434,5784,0.15,0.15,1,3205
435,5785,0.15,0.15,1,3212
436,5786,0.15,0.15,1,3218
437,5787,0.15,0.15,1,3224
438,5788,0.15,0.15,1,3230
439,5789,0.15,0.15,1,3236
440,5790,0.15,0.15,1,3242
441,5791,0.15,0.15,1,3249
442,5792,0.15,0.15,1,3254
443,5793,0.15,0.15,1,3261
444,5794,0.15,0.15,1,3266
445,5795,0.15,0.15,1,3272
446,5796,0.15,0.15,1,3279
447,5797,0.15,0.15,1,3282
448,5798,0.15,0.15,1,3283
449,5799,0.15,0.15,1,3284
450,5800,0.15,0.15,1,3284
451,5801,0.15,0.15,1,3285
452,5802,0.15,0.15,1,3095
453,5803,0.15,0.15,1,3095
454,5804,0.15,0.15,1,3096
455,5805,0.15,0.15,1,3096
456,5806,0.15,0.15,1,3097
457,5807,0.15,0.15,1,3097
458,5808,0.15,0.15,1,3098
459,5809,0.15,0.15,1,3098
460,5810,0.15,0.15,1,3099
461,5811,0.15,0.15,1,3100
462,5812,0.15,0.15,1,3100
463,5813,0.15,0.15,1,3104
464,5814,0.15,0.15,1,3108
465,5815,0.15,0.15,1,3113
466,5816,0.15,0.15,1,3119
467,5817,0.15,0.15,1,3125
468,5818,0.15,0.15,1,3131
469,5819,0.15,0.15,1,3135
470,5820,0.15,0.15,1,3141
471,5821,0.15,0.15,1,3147
472,5822,0.15,0.15,1,3152
473,5823,0.15,0.15,1,3156
474,5824,0.15,0.15,1,3161
475,5825,0.15,0.15,1,3166
476,5826,0.15,0.15,1,3173
477,5827,0.15,0.15,1,3179
478,5828,0.15,0.15,1,3185
479,5829,0.15,0.15,1,3188
480,5830,0.15,0.15,1,3189
481,5831,0.15,0.15,1,3189
482,5832,0.15,0.15,1,3190
483,5833,0.15,0.15,1,2836
484,5834,0.15,0.15,1,2836
485,5835,0.15,0.15,1,2837
486,5836,0.15,0.15,1,2837
487,5837,0.15,0.15,1,2838
488,5838,0.15,0.15,1,2838
489,5839,0.15,0.15,1,2839
490,5840,0.15,0.15,1,2839
491,5841,0.15,0.15,1,2844
492,5842,0.15,0.15,1,2850
493,5843,0.15,0.15,1,2856
494,5844,0.15,0.15,1,2862
495,5845,0.15,0.15,1,2867
496,5846,0.15,0.15,1,2873
497,5847,0.15,0.15,1,2879
498,5848,0.15,0.15,1,2885
499,5849,0.15,0.15,1,2891
500,5850,0.15,0.15,1,2897
501,5851,0.15,0.15,1,2903
502,5852,0.15,0.15,1,2909
503,5853,0.15,0.15,1,2915
504,5854,0.15,0.15,1,2922
505,5855,0.15,0.15,1,2928
506,5856,0.15,0.15,1,2934
507,5857,0.15,0.15,1,2940
508,5858,0.15,0.15,1,2946
509,5859,0.15,0.15,1,2952
510,5860,0.15,0.15,1,2958
511,5861,0.15,0.15,1,2964
512,5862,0.15,0.15,1,2970
513,5863,0.15,0.15,1,2976
514,5864,0.15,0.15,1,2983
515,5865,0.15,0.15,1,2990
516,5866,0.15,0.15,1,2996
517,5867,0.15,0.15,1,3002
518,5868,0.15,0.15,1,3008
519,5869,0.15,0.15,1,3015
520,5870,0.15,0.15,1,3021
521,5871,0.15,0.15,1,3028
522,5872,0.15,0.15,1,3034
523,5873,0.15,0.15,1,3038
524,5874,0.15,0.15,1,3042
525,5875,0.15,0.15,1,3048
526,5876,0.15,0.15,1,3055
527,5877,0.15,0.15,1,3059
528,5878,0.15,0.15,1,3063
529,5879,0.15,0.15,1,3069
530,5880,0.15,0.15,1,3074
531,5881,0.15,0.15,1,3078
532,5882,0.15,0.15,1,3081
533,5883,0.15,0.15,1,3082
534,5884,0.15,0.15,1,3083
535,5885,0.15,0.15,1,3084
536,5886,0.15,0.15,1,5644
537,5887,0.15,0.15,1,5645
538,5888,0.15,0.15,1,5646
539,5889,0.15,0.15,1,5646
540,5890,0.15,0.15,1,5647
541,5891,0.15,0.15,1,5648
542,5892,0.15,0.15,1,5649
543,5893,0.15,0.15,1,5649
544,5894,0.15,0.15,1,5685
545,5895,0.15,0.15,1,5685
546,5896,0.15,0.15,1,2687
547,5897,0.15,0.15,1,2693
548,5898,0.15,0.15,1,2701
549,5899,0.15,0.15,1,2707
550,5900,0.15,0.15,1,2711
551,5901,0.15,0.15,1,2717
552,5902,0.15,0.15,1,2723
553,5903,0.15,0.15,1,2729
554,5904,0.15,0.15,1,2732
555,5905,0.15,0.15,1,2736
556,5906,0.15,0.15,1,2742
557,5907,0.15,0.15,1,2749
558,5908,0.15,0.15,1,2754
559,5909,0.15,0.15,1,2761
560,5910,0.15,0.15,1,2767
561,5911,0.15,0.15,1,2774
562,5912,0.15,0.15,1,2780
563,5913,0.15,0.15,1,2785
564,5914,0.15,0.15,1,2791
565,5915,0.15,0.15,1,2798
566,5916,0.15,0.15,1,2804
567,5917,0.15,0.15,1,2811
568,5918,0.15,0.15,1,2817
569,5919,0.15,0.15,1,2821
570,5920,0.15,0.15,1,2822
571,5921,0.15,0.15,1,2823
572,5922,0.15,0.15,1,2824
573,5923,0.15,0.15,1,2824
574,5924,0.15,0.15,1,2824
575,5925,0.15,0.15,1,2825
576,5926,0.15,0.15,1,2825
577,5927,0.15,0.15,1,2825
578,5928,0.15,0.15,1,2825
579,5929,0.15,0.15,1,2826
580,5930,0.15,0.15,1,11314
581,5931,0.15,0.15,1,11314
582,5932,0.15,0.15,1,11314
583,5933,0.15,0.15,1,11315
584,5934,0.15,0.15,1,11315
585,5935,0.15,0.15,1,11315
586,5936,0.15,0.15,1,11316
587,5937,0.15,0.15,1,11317
588,5938,0.15,0.15,1,11320
589,5939,0.15,0.15,1,11324
590,5940,0.15,0.15,1,3
591,5941,0.15,0.15,1,7
592,5942,0.15,0.15,1,11
593,5943,0.15,0.15,1,15
594,5944,0.15,0.15,1,19
595,5945,0.15,0.15,1,23
596,5946,0.15,0.15,1,26
597,5947,0.15,0.15,1,32
598,5948,0.15,0.15,1,39
599,5949,0.15,0.15,1,42
600,5950,0.15,0.15,1,47
601,5951,0.15,0.15,1,52
602,5952,0.15,0.15,1,57
603,5953,0.15,0.15,1,60
604,5954,0.15,0.15,1,65
605,5955,0.15,0.15,1,70
606,5956,0.15,0.15,1,76
607,5957,0.15,0.15,1,83
608,5958,0.15,0.15,1,89
609,5959,0.15,0.15,1,92
610,5960,0.15,0.15,1,93
611,5961,0.15,0.15,1,94
612,5962,0.15,0.15,1,94
613,5963,0.15,0.15,1,95
614,5964,0.15,0.15,1,95
615,5965,0.15,0.15,1,95
616,5966,0.15,0.15,1,103
617,5967,0.15,0.15,1,103
618,5968,0.15,0.15,1,103
619,5969,0.15,0.15,1,104
620,5970,0.15,0.15,1,104
621,5971,0.15,0.15,1,105
622,5972,0.15,0.15,1,105
623,5973,0.15,0.15,1,109
624,5974,0.15,0.15,1,116
625,5975,0.15,0.15,1,127
626,5976,0.15,0.15,1,137
627,5977,0.15,0.15,1,147
628,5978,0.15,0.15,1,157
629,5979,0.15,0.15,1,166
630,5980,0.15,0.15,1,177
631,5981,0.15,0.15,1,187
632,5982,0.15,0.15,1,196
633,5983,0.15,0.15,1,206
634,5984,0.15,0.15,1,216
635,5985,0.15,0.15,1,226
636,5986,0.15,0.15,1,236
637,5987,0.15,0.15,1,242
638,5988,0.15,0.15,1,245
639,5989,0.15,0.15,1,245
640,5990,0.15,0.15,1,246
641,5991,0.15,0.15,1,246
642,5992,0.15,0.15,1,247
643,5993,0.15,0.15,1,248
644,5994,0.15,0.15,1,248
645,5995,0.15,0.15,1,249
646,5996,0.15,0.15,1,249
647,5997,0.15,0.15,1,250
648,5998,0.15,0.15,1,250
649,5999,0.15,0.15,1,251
650,6000,0.15,0.15,1,252
651,6001,0.15,0.15,1,2533
652,6002,0.15,0.15,1,2533
653,6003,0.15,0.15,1,2533
654,6004,0.15,0.15,1,2534
655,6005,0.15,0.15,1,2534
656,6006,0.15,0.15,1,2535
657,6007,0.15,0.15,1,2536
658,6008,0.15,0.15,1,2538
659,6009,0.15,0.15,1,2541
660,6010,0.15,0.15,1,2545
661,6011,0.15,0.15,1,2550
662,6012,0.15,0.15,1,2555
663,6013,0.15,0.15,1,2559
664,6014,0.15,0.15,1,2565
665,6015,0.15,0.15,1,2571
666,6016,0.15,0.15,1,2576
667,6017,0.15,0.15,1,2583
668,6018,0.15,0.15,1,2590
669,6019,0.15,0.15,1,2596
670,6020,0.15,0.15,1,2602
671,6021,0.15,0.15,1,2609
672,6022,0.15,0.15,1,2619
673,6023,0.15,0.15,1,2629
674,6024,0.15,0.15,1,2640
675,6025,0.15,0.15,1,2650
676,6026,0.15,0.15,1,2659
677,6027,0.15,0.15,1,2669
678,6028,0.15,0.15,1,11327
679,6029,0.15,0.15,1,11328
680,6030,0.15,0.15,1,11329
681,6031,0.15,0.15,1,11330
682,6032,0.15,0.15,1,11330
683,6033,0.15,0.15,1,11331
684,6034,0.15,0.15,1,11332
685,6035,0.15,0.15,1,11332
686,6036,0.15,0.15,1,11333
687,6037,0.15,0.15,1,11333
688,6038,0.15,0.15,1,11334
689,6039,0.15,0.15,1,11334
690,6040,0.15,0.15,1,11335
691,6041,0.15,0.15,1,2475
692,6042,0.15,0.15,1,2475
693,6043,0.15,0.15,1,2475
694,6044,0.15,0.15,1,2476
695,6045,0.15,0.15,1,2476
696,6046,0.15,0.15,1,2477
697,6047,0.15,0.15,1,2477
698,6048,0.15,0.15,1,2478
699,6049,0.15,0.15,1,2481
700,6050,0.15,0.15,1,2485
701,6051,0.15,0.15,1,2491
702,6052,0.15,0.15,1,2497
703,6053,0.15,0.15,1,2503
704,6054,0.15,0.15,1,2509
705,6055,0.15,0.15,1,2516
706,6056,0.15,0.15,1,2521
707,6057,0.15,0.15,1,2524
708,6058,0.15,0.15,1,2525
709,6059,0.15,0.15,1,2526
710,6060,0.15,0.15,1,2526
711,6061,0.15,0.15,1,2526
712,6062,0.15,0.15,1,2380
713,6063,0.15,0.15,1,2381
714,6064,0.15,0.15,1,2381
715,6065,0.15,0.15,1,2382
716,6066,0.15,0.15,1,2383
717,6067,0.15,0.15,1,2384
718,6068,0.15,0.15,1,2390
719,6069,0.15,0.15,1,2401
720,6070,0.15,0.15,1,2412
721,6071,0.15,0.15,1,2419
722,6072,0.15,0.15,1,2425
723,6073,0.15,0.15,1,2430
724,6074,0.15,0.15,1,2437
725,6075,0.15,0.15,1,2442
726,6076,0.15,0.15,1,2447
727,6077,0.15,0.15,1,2453
728,6078,0.15,0.15,1,2459
729,6079,0.15,0.15,1,2463
730,6080,0.15,0.15,1,2465
731,6081,0.15,0.15,1,2466
732,6082,0.15,0.15,1,2466
733,6083,0.15,0.15,1,2280
734,6084,0.15,0.15,1,2281
735,6085,0.15,0.15,1,2281
736,6086,0.15,0.15,1,2282
737,6087,0.15,0.15,1,2282
738,6088,0.15,0.15,1,2283
739,6089,0.15,0.15,1,2284
740,6090,0.15,0.15,1,2284
741,6091,0.15,0.15,1,2285
742,6092,0.15,0.15,1,2288
743,6093,0.15,0.15,1,2294
744,6094,0.15,0.15,1,2302
745,6095,0.15,0.15,1,2310
746,6096,0.15,0.15,1,2318
747,6097,0.15,0.15,1,2326
748,6098,0.15,0.15,1,2335
749,6099,0.15,0.15,1,2344
750,6100,0.15,0.15,1,2348
751,6101,0.15,0.15,1,2354
752,6102,0.15,0.15,1,2362
753,6103,0.15,0.15,1,2368
754,6104,0.15,0.15,1,2369
755,6105,0.15,0.15,1,2370
756,6106,0.15,0.15,1,2371
757,6107,0.15,0.15,1,2371
758,6108,0.15,0.15,1,2372
759,6109,0.15,0.15,1,1975
760,6110,0.15,0.15,1,1975
761,6111,0.15,0.15,1,1976
762,6112,0.15,0.15,1,1977
763,6113,0.15,0.15,1,1977
764,6114,0.15,0.15,1,1978
765,6115,0.15,0.15,1,1978
766,6116,0.15,0.15,1,1980
767,6117,0.15,0.15,1,1985
768,6118,0.15,0.15,1,1991
769,6119,0.15,0.15,1,1997
770,6120,0.15,0.15,1,2003
771,6121,0.15,0.15,1,2009
772,6122,0.15,0.15,1,2015
773,6123,0.15,0.15,1,2021
774,6124,0.15,0.15,1,2027
775,6125,0.15,0.15,1,2033
776,6126,0.15,0.15,1,2038
777,6127,0.15,0.15,1,2045
778,6128,0.15,0.15,1,2051
779,6129,0.15,0.15,1,2058
780,6130,0.15,0.15,1,2063
781,6131,0.15,0.15,1,2066
782,6132,0.15,0.15,1,2072
783,6133,0.15,0.15,1,2078
784,6134,0.15,0.15,1,2084
785,6135,0.15,0.15,1,2091
786,6136,0.15,0.15,1,2098
787,6137,0.15,0.15,1,2103
788,6138,0.15,0.15,1,2109
789,6139,0.15,0.15,1,2115
790,6140,0.15,0.15,1,2121
791,6141,0.15,0.15,1,2127
792,6142,0.15,0.15,1,2133
793,6143,0.15,0.15,1,2139
794,6144,0.15,0.15,1,2145
795,6145,0.15,0.15,1,2151
796,6146,0.15,0.15,1,2157
797,6147,0.15,0.15,1,2163
798,6148,0.15,0.15,1,2170
799,6149,0.15,0.15,1,2177
800,6150,0.15,0.15,1,2183
801,6151,0.15,0.15,1,2190
802,6152,0.15,0.15,1,2198
803,6153,0.15,0.15,1,2207
804,6154,0.15,0.15,1,2215
805,6155,0.15,0.15,1,2223
806,6156,0.15,0.15,1,2231
807,6157,0.15,0.15,1,2239
808,6158,0.15,0.15,1,2244
809,6159,0.15,0.15,1,2246
810,6160,0.15,0.15,1,2252
811,6161,0.15,0.15,1,2260
812,6162,0.15,0.15,1,2264
813,6163,0.15,0.15,1,2265
814,6164,0.15,0.15,1,2266
815,6165,0.15,0.15,1,2267
816,6166,0.15,0.15,1,2267
817,6167,0.15,0.15,1,2268
818,6168,0.15,0.15,1,2269
819,6169,0.15,0.15,1,2269
820,6170,0.15,0.15,1,1743
821,6171,0.15,0.15,1,1744
822,6172,0.15,0.15,1,1744
823,6173,0.15,0.15,1,1745
824,6174,0.15,0.15,1,1745
825,6175,0.15,0.15,1,1746
826,6176,0.15,0.15,1,1747
827,6177,0.15,0.15,1,1750
828,6178,0.15,0.15,1,1756
829,6179,0.15,0.15,1,1761
830,6180,0.15,0.15,1,1767
831,6181,0.15,0.15,1,1773
832,6182,0.15,0.15,1,1779
833,6183,0.15,0.15,1,1785
834,6184,0.15,0.15,1,1790
835,6185,0.15,0.15,1,1796
836,6186,0.15,0.15,1,1802
837,6187,0.15,0.15,1,1808
838,6188,0.15,0.15,1,1814
839,6189,0.15,0.15,1,1820
840,6190,0.15,0.15,1,1826
841,6191,0.15,0.15,1,1832
842,6192,0.15,0.15,1,1836
843,6193,0.15,0.15,1,1841
844,6194,0.15,0.15,1,1847
845,6195,0.15,0.15,1,1853
846,6196,0.15,0.15,1,1860
847,6197,0.15,0.15,1,1868
848,6198,0.15,0.15,1,1878
849,6199,0.15,0.15,1,1888
850,6200,0.15,0.15,1,1899
851,6201,0.15,0.15,1,1909
852,6202,0.15,0.15,1,1919
853,6203,0.15,0.15,1,1929
854,6204,0.15,0.15,1,1939
855,6205,0.15,0.15,1,1947
856,6206,0.15,0.15,1,1953
857,6207,0.15,0.15,1,1957
858,6208,0.15,0.15,1,1959
859,6209,0.15,0.15,1,1961
860,6210,0.15,0.15,1,1962
861,6211,0.15,0.15,1,1963
862,6212,0.15,0.15,1,1964
863,6213,0.15,0.15,1,1964
864,6214,0.15,0.15,1,1965
865,6215,0.15,0.15,1,1966
866,6216,0.15,0.15,1,1476
867,6217,0.15,0.15,1,1477
868,6218,0.15,0.15,1,1477
869,6219,0.15,0.15,1,1478
870,6220,0.15,0.15,1,1478
871,6221,0.15,0.15,1,1479
872,6222,0.15,0.15,1,1479
873,6223,0.15,0.15,1,1480
874,6224,0.15,0.15,1,1480
875,6225,0.15,0.15,1,1481
876,6226,0.15,0.15,1,1481
877,6227,0.15,0.15,1,1482
878,6228,0.15,0.15,1,1483
879,6229,0.15,0.15,1,1483
880,6230,0.15,0.15,1,1484
881,6231,0.15,0.15,1,1485
882,6232,0.15,0.15,1,1488
883,6233,0.15,0.15,1,1494
884,6234,0.15,0.15,1,1500
885,6235,0.15,0.15,1,1506
886,6236,0.15,0.15,1,1512
887,6237,0.15,0.15,1,1518
888,6238,0.15,0.15,1,1524
889,6239,0.15,0.15,1,1530
890,6240,0.15,0.15,1,1535
891,6241,0.15,0.15,1,1541
892,6242,0.15,0.15,1,1547
893,6243,0.15,0.15,1,1554
894,6244,0.15,0.15,1,1560
895,6245,0.15,0.15,1,1566
896,6246,0.15,0.15,1,1572
897,6247,0.15,0.15,1,1579
898,6248,0.15,0.15,1,1584
899,6249,0.15,0.15,1,1590
900,6250,0.15,0.15,1,1594
901,6251,0.15,0.15,1,1596
902,6252,0.15,0.15,1,1601
903,6253,0.15,0.15,1,1608
904,6254,0.15,0.15,1,1614
905,6255,0.15,0.15,1,1620
906,6256,0.15,0.15,1,1626
907,6257,0.15,0.15,1,1632
908,6258,0.15,0.15,1,1638
909,6259,0.15,0.15,1,1644
910,6260,0.15,0.15,1,1648
911,6261,0.15,0.15,1,1651
912,6262,0.15,0.15,1,1655
913,6263,0.15,0.15,1,1660
914,6264,0.15,0.15,1,1663
915,6265,0.15,0.15,1,1668
916,6266,0.15,0.15,1,1675
917,6267,0.15,0.15,1,1685
918,6268,0.15,0.15,1,1695
919,6269,0.15,0.15,1,1705
920,6270,0.15,0.15,1,1715
921,6271,0.15,0.15,1,1723
922,6272,0.15,0.15,1,1727
923,6273,0.15,0.15,1,1729
924,6274,0.15,0.15,1,1730
925,6275,0.15,0.15,1,1731
926,6276,0.15,0.15,1,1731
927,6277,0.15,0.15,1,1732
928,6278,0.15,0.15,1,1116
929,6279,0.15,0.15,1,1117
930,6280,0.15,0.15,1,1117
931,6281,0.15,0.15,1,1118
932,6282,0.15,0.15,1,1118
933,6283,0.15,0.15,1,1118
934,6284,0.15,0.15,1,1119
935,6285,0.15,0.15,1,1119
936,6286,0.15,0.15,1,1121
937,6287,0.15,0.15,1,1123
938,6288,0.15,0.15,1,1125
939,6289,0.15,0.15,1,1127
940,6290,0.15,0.15,1,1129
941,6291,0.15,0.15,1,1131
942,6292,0.15,0.15,1,1133
943,6293,0.15,0.15,1,1135
944,6294,0.15,0.15,1,1137
945,6295,0.15,0.15,1,1139
946,6296,0.15,0.15,1,1141
947,6297,0.15,0.15,1,1143
948,6298,0.15,0.15,1,1145
949,6299,0.15,0.15,1,1147
950,6300,0.15,0.15,1,1149
951,6301,0.15,0.15,1,1151
952,6302,0.15,0.15,1,1153
953,6303,0.15,0.15,1,1156
954,6304,0.15,0.15,1,1158
955,6305,0.15,0.15,1,1160
956,6306,0.15,0.15,1,1162
957,6307,0.15,0.15,1,1164
958,6308,0.15,0.15,1,1166
959,6309,0.15,0.15,1,1168
960,6310,0.15,0.15,1,1170
961,6311,0.15,0.15,1,1172
962,6312,0.15,0.15,1,1174
963,6313,0.15,0.15,1,1176
964,6314,0.15,0.15,1,1178
965,6315,0.15,0.15,1,1180
966,6316,0.15,0.15,1,1182
967,6317,0.15,0.15,1,1184
968,6318,0.15,0.15,1,1186
969,6319,0.15,0.15,1,1188
970,6320,0.15,0.15,1,1190
971,6321,0.15,0.15,1,1193
972,6322,0.15,0.15,1,1195
973,6323,0.15,0.15,1,1197
974,6324,0.15,0.15,1,1199
975,6325,0.15,0.15,1,1201
976,6326,0.15,0.15,1,1203
977,6327,0.15,0.15,1,1204
978,6328,0.15,0.15,1,1206
979,6329,0.15,0.15,1,1208
980,6330,0.15,0.15,1,1210
981,6331,0.15,0.15,1,1213
982,6332,0.15,0.15,1,1215
983,6333,0.15,0.15,1,1217
984,6334,0.15,0.15,1,1219
985,6335,0.15,0.15,1,1221
986,6336,0.15,0.15,1,1223
987,6337,0.15,0.15,1,1224
988,6338,0.15,0.15,1,1227
989,6339,0.15,0.15,1,1230
990,6340,0.15,0.15,1,1232
991,6341,0.15,0.15,1,1236
992,6342,0.15,0.15,1,1240
993,6343,0.15,0.15,1,1242
994,6344,0.15,0.15,1,1245
995,6345,0.15,0.15,1,1246
996,6346,0.15,0.15,1,1248
997,6347,0.15,0.15,1,1250
998,6348,0.15,0.15,1,1252
999,6349,0.15,0.15,1,1254
1000,6350,0.15,0.15,1,1256
1001,6351,0.15,0.15,1,1259
1002,6352,0.15,0.15,1,1260
1003,6353,0.15,0.15,1,1262
1004,6354,0.15,0.15,1,1264
1005,6355,0.15,0.15,1,1266
1006,6356,0.15,0.15,1,1269
1007,6357,0.15,0.15,1,1273
1008,6358,0.15,0.15,1,1276
1009,6359,0.15,0.15,1,1279
1010,6360,0.15,0.15,1,1280
1011,6361,0.15,0.15,1,1282
1012,6362,0.15,0.15,1,1284
1013,6363,0.15,0.15,1,1286
1014,6364,0.15,0.15,1,1288
1015,6365,0.15,0.15,1,1290
1016,6366,0.15,0.15,1,1292
1017,6367,0.15,0.15,1,1294
1018,6368,0.15,0.15,1,1296
1019,6369,0.15,0.15,1,1298
1020,6370,0.15,0.15,1,1300
1021,6371,0.15,0.15,1,1302
1022,6372,0.15,0.15,1,1305
1023,6373,0.15,0.15,1,1307
1024,6374,0.15,0.15,1,1310
1025,6375,0.15,0.15,1,1313
1026,6376,0.15,0.15,1,1315
1027,6377,0.15,0.15,1,1318
1028,6378,0.15,0.15,1,1320
1029,6379,0.15,0.15,1,1324
1030,6380,0.15,0.15,1,1327
1031,6381,0.15,0.15,1,1329
1032,6382,0.15,0.15,1,1332
1033,6383,0.15,0.15,1,1335
1034,6384,0.15,0.15,1,1337
1035,6385,0.15,0.15,1,1339
1036,6386,0.15,0.15,1,1341
1037,6387,0.15,0.15,1,1343
1038,6388,0.15,0.15,1,1345
1039,6389,0.15,0.15,1,1347
1040,6390,0.15,0.15,1,1349
1041,6391,0.15,0.15,1,1351
1042,6392,0.15,0.15,1,1353
1043,6393,0.15,0.15,1,1355
1044,6394,0.15,0.15,1,1357
1045,6395,0.15,0.15,1,1359
1046,6396,0.15,0.15,1,1361
1047,6397,0.15,0.15,1,1363
1048,6398,0.15,0.15,1,1365
1049,6399,0.15,0.15,1,1367
1050,6400,0.15,0.15,1,1369
1051,6401,0.15,0.15,1,1371
1052,6402,0.15,0.15,1,1373
1053,6403,0.15,0.15,1,1376
1054,6404,0.15,0.15,1,1378
1055,6405,0.15,0.15,1,1379
1056,6406,0.15,0.15,1,1381
1057,6407,0.15,0.15,1,1383
1058,6408,0.15,0.15,1,1385
1059,6409,0.15,0.15,1,1387
1060,6410,0.15,0.15,1,1389
1061,6411,0.15,0.15,1,1390
1062,6412,0.15,0.15,1,1392
1063,6413,0.15,0.15,1,1394
1064,6414,0.15,0.15,1,1396
1065,6415,0.15,0.15,1,1398
1066,6416,0.15,0.15,1,1401
1067,6417,0.15,0.15,1,1403
1068,6418,0.15,0.15,1,1405
1069,6419,0.15,0.15,1,1407
1070,6420,0.15,0.15,1,1410
1071,6421,0.15,0.15,1,1413
1072,6422,0.15,0.15,1,1415
1073,6423,0.15,0.15,1,1417
1074,6424,0.15,0.15,1,1419
1075,6425,0.15,0.15,1,1421
1076,6426,0.15,0.15,1,1423
1077,6427,0.15,0.15,1,1425
1078,6428,0.15,0.15,1,1427
1079,6429,0.15,0.15,1,1429
1080,6430,0.15,0.15,1,1431
1081,6431,0.15,0.15,1,1433
1082,6432,0.15,0.15,1,1435
1083,6433,0.15,0.15,1,1437
1084,6434,0.15,0.15,1,1439
1085,6435,0.15,0.15,1,1441
1086,6436,0.15,0.15,1,1442
1087,6437,0.15,0.15,1,1443
1088,6438,0.15,0.15,1,1446
1089,6439,0.15,0.15,1,1449
1090,6440,0.15,0.15,1,1451
1091,6441,0.15,0.15,1,1452
1092,6442,0.15,0.15,1,1453
1093,6443,0.15,0.15,1,1455
1094,6444,0.15,0.15,1,1457
1095,6445,0.15,0.15,1,1458
1096,6446,0.15,0.15,1,1458
1097,6447,0.15,0.15,1,1459
1098,6448,0.15,0.15,1,738
1099,6449,0.15,0.15,1,738
1100,6450,0.15,0.15,1,738
1101,6451,0.15,0.15,1,738
1102,6452,0.15,0.15,1,739
1103,6453,0.15,0.15,1,739
1104,6454,0.15,0.15,1,739
1105,6455,0.15,0.15,1,740
1106,6456,0.15,0.15,1,740
1107,6457,0.15,0.15,1,742
1108,6458,0.15,0.15,1,744
1109,6459,0.15,0.15,1,745
1110,6460,0.15,0.15,1,748
1111,6461,0.15,0.15,1,755
1112,6462,0.15,0.15,1,761
1113,6463,0.15,0.15,1,763
1114,6464,0.15,0.15,1,766
1115,6465,0.15,0.15,1,770
1116,6466,0.15,0.15,1,773
1117,6467,0.15,0.15,1,775
1118,6468,0.15,0.15,1,777
1119,6469,0.15,0.15,1,779
1120,6470,0.15,0.15,1,781
1121,6471,0.15,0.15,1,783
1122,6472,0.15,0.15,1,785
1123,6473,0.15,0.15,1,787
1124,6474,0.15,0.15,1,789
1125,6475,0.15,0.15,1,791
1126,6476,0.15,0.15,1,793
1127,6477,0.15,0.15,1,795
1128,6478,0.15,0.15,1,797
1129,6479,0.15,0.15,1,799
1130,6480,0.15,0.15,1,801
1131,6481,0.15,0.15,1,803
1132,6482,0.15,0.15,1,805
1133,6483,0.15,0.15,1,807
1134,6484,0.15,0.15,1,809
1135,6485,0.15,0.15,1,811
1136,6486,0.15,0.15,1,813
1137,6487,0.15,0.15,1,814
1138,6488,0.15,0.15,1,817
1139,6489,0.15,0.15,1,819
1140,6490,0.15,0.15,1,820
1141,6491,0.15,0.15,1,822
1142,6492,0.15,0.15,1,825
1143,6493,0.15,0.15,1,827
1144,6494,0.15,0.15,1,829
1145,6495,0.15,0.15,1,831
1146,6496,0.15,0.15,1,833
1147,6497,0.15,0.15,1,835
1148,6498,0.15,0.15,1,837
1149,6499,0.15,0.15,1,839
1150,6500,0.15,0.15,1,846
1151,6501,0.15,0.15,1,853
1152,6502,0.15,0.15,1,855
1153,6503,0.15,0.15,1,857
1154,6504,0.15,0.15,1,859
1155,6505,0.15,0.15,1,861
1156,6506,0.15,0.15,1,863
1157,6507,0.15,0.15,1,876
1158,6508,0.15,0.15,1,888
1159,6509,0.15,0.15,1,890
1160,6510,0.15,0.15,1,892
1161,6511,0.15,0.15,1,894
1162,6512,0.15,0.15,1,896
1163,6513,0.15,0.15,1,898
1164,6514,0.15,0.15,1,900
1165,6515,0.15,0.15,1,902
1166,6516,0.15,0.15,1,904
1167,6517,0.15,0.15,1,907
1168,6518,0.15,0.15,1,910
1169,6519,0.15,0.15,1,912
1170,6520,0.15,0.15,1,914
1171,6521,0.15,0.15,1,915
1172,6522,0.15,0.15,1,918
1173,6523,0.15,0.15,1,920
1174,6524,0.15,0.15,1,922
1175,6525,0.15,0.15,1,923
1176,6526,0.15,0.15,1,926
1177,6527,0.15,0.15,1,928
1178,6528,0.15,0.15,1,930
1179,6529,0.15,0.15,1,932
1180,6530,0.15,0.15,1,934
1181,6531,0.15,0.15,1,935
1182,6532,0.15,0.15,1,937
1183,6533,0.15,0.15,1,939
1184,6534,0.15,0.15,1,941
1185,6535,0.15,0.15,1,943
1186,6536,0.15,0.15,1,946
1187,6537,0.15,0.15,1,949
1188,6538,0.15,0.15,1,951
1189,6539,0.15,0.15,1,953
1190,6540,0.15,0.15,1,955
1191,6541,0.15,0.15,1,957
1192,6542,0.15,0.15,1,959
1193,6543,0.15,0.15,1,961
1194,6544,0.15,0.15,1,965
1195,6545,0.15,0.15,1,968
1196,6546,0.15,0.15,1,969
1197,6547,0.15,0.15,1,971
1198,6548,0.15,0.15,1,973
1199,6549,0.15,0.15,1,975
1200,6550,0.15,0.15,1,977
1201,6551,0.15,0.15,1,979
1202,6552,0.15,0.15,1,981
1203,6553,0.15,0.15,1,983
1204,6554,0.15,0.15,1,985
1205,6555,0.15,0.15,1,987
1206,6556,0.15,0.15,1,989
1207,6557,0.15,0.15,1,991
1208,6558,0.15,0.15,1,994
1209,6559,0.15,0.15,1,996
1210,6560,0.15,0.15,1,998
1211,6561,0.15,0.15,1,1000
1212,6562,0.15,0.15,1,1002
1213,6563,0.15,0.15,1,1004
1214,6564,0.15,0.15,1,1006
1215,6565,0.15,0.15,1,1010
1216,6566,0.15,0.15,1,1015
1217,6567,0.15,0.15,1,1017
1218,6568,0.15,0.15,1,1018
1219,6569,0.15,0.15,1,1021
1220,6570,0.15,0.15,1,1023
1221,6571,0.15,0.15,1,1025
1222,6572,0.15,0.15,1,1028
1223,6573,0.15,0.15,1,1029
1224,6574,0.15,0.15,1,1031
1225,6575,0.15,0.15,1,1033
1226,6576,0.15,0.15,1,1035
1227,6577,0.15,0.15,1,1037
1228,6578,0.15,0.15,1,1039
1229,6579,0.15,0.15,1,1041
1230,6580,0.15,0.15,1,1043
1231,6581,0.15,0.15,1,1045
1232,6582,0.15,0.15,1,1047
1233,6583,0.15,0.15,1,1049
1234,6584,0.15,0.15,1,1051
1235,6585,0.15,0.15,1,1053
1236,6586,0.15,0.15,1,1055
1237,6587,0.15,0.15,1,1057
1238,6588,0.15,0.15,1,1059
1239,6589,0.15,0.15,1,1061
1240,6590,0.15,0.15,1,1063
1241,6591,0.15,0.15,1,1065
1242,6592,0.15,0.15,1,1067
1243,6593,0.15,0.15,1,1069
1244,6594,0.15,0.15,1,1071
1245,6595,0.15,0.15,1,1073
1246,6596,0.15,0.15,1,1075
1247,6597,0.15,0.15,1,1077
1248,6598,0.15,0.15,1,1079
1249,6599,0.15,0.15,1,1081
1250,6600,0.15,0.15,1,1084
1251,6601,0.15,0.15,1,1088
1252,6602,0.15,0.15,1,1091
1253,6603,0.15,0.15,1,1093
1254,6604,0.15,0.15,1,1095
1255,6605,0.15,0.15,1,1098
1256,6606,0.15,0.15,1,1101
1257,6607,0.15,0.15,1,1102
1258,6608,0.15,0.15,1,1103
1259,6609,0.15,0.15,1,1104
1260,6610,0.15,0.15,1,1105
1261,6611,0.15,0.15,1,1105
1262,6612,0.15,0.15,1,1105
1263,6613,0.15,0.15,1,1106
1264,6614,0.15,0.15,1,1106
1265,6615,0.15,0.15,1,1106
1266,6616,0.15,0.15,1,527
1267,6617,0.15,0.15,1,528
1268,6618,0.15,0.15,1,529
1269,6619,0.15,0.15,1,530
1270,6620,0.15,0.15,1,532
1271,6621,0.15,0.15,1,534
1272,6622,0.15,0.15,1,536
1273,6623,0.15,0.15,1,538
1274,6624,0.15,0.15,1,540
1275,6625,0.15,0.15,1,542
1276,6626,0.15,0.15,1,544
1277,6627,0.15,0.15,1,546
1278,6628,0.15,0.15,1,548
1279,6629,0.15,0.15,1,550
1280,6630,0.15,0.15,1,552
1281,6631,0.15,0.15,1,554
1282,6632,0.15,0.15,1,557
1283,6633,0.15,0.15,1,558
1284,6634,0.15,0.15,1,561
1285,6635,0.15,0.15,1,563
1286,6636,0.15,0.15,1,565
1287,6637,0.15,0.15,1,566
1288,6638,0.15,0.15,1,568
1289,6639,0.15,0.15,1,570
1290,6640,0.15,0.15,1,573
1291,6641,0.15,0.15,1,575
1292,6642,0.15,0.15,1,577
1293,6643,0.15,0.15,1,579
1294,6644,0.15,0.15,1,581
1295,6645,0.15,0.15,1,583
1296,6646,0.15,0.15,1,585
1297,6647,0.15,0.15,1,587
1298,6648,0.15,0.15,1,590
1299,6649,0.15,0.15,1,593
1300,6650,0.15,0.15,1,595
1301,6651,0.15,0.15,1,597
1302,6652,0.15,0.15,1,599
1303,6653,0.15,0.15,1,601
1304,6654,0.15,0.15,1,603
1305,6655,0.15,0.15,1,605
1306,6656,0.15,0.15,1,607
1307,6657,0.15,0.15,1,609
1308,6658,0.15,0.15,1,611
1309,6659,0.15,0.15,1,613
1310,6660,0.15,0.15,1,615
1311,6661,0.15,0.15,1,631
1312,6662,0.15,0.15,1,649
1313,6663,0.15,0.15,1,654
1314,6664,0.15,0.15,1,656
1315,6665,0.15,0.15,1,659
1316,6666,0.15,0.15,1,661
1317,6667,0.15,0.15,1,662
1318,6668,0.15,0.15,1,664
1319,6669,0.15,0.15,1,666
1320,6670,0.15,0.15,1,668
1321,6671,0.15,0.15,1,670
1322,6672,0.15,0.15,1,672
1323,6673,0.15,0.15,1,675
1324,6674,0.15,0.15,1,677
1325,6675,0.15,0.15,1,679
1326,6676,0.15,0.15,1,681
1327,6677,0.15,0.15,1,683
1328,6678,0.15,0.15,1,685
1329,6679,0.15,0.15,1,687
1330,6680,0.15,0.15,1,689
1331,6681,0.15,0.15,1,691
1332,6682,0.15,0.15,1,693
1333,6683,0.15,0.15,1,695
1334,6684,0.15,0.15,1,697
1335,6685,0.15,0.15,1,699
1336,6686,0.15,0.15,1,701
1337,6687,0.15,0.15,1,703
1338,6688,0.15,0.15,1,705
1339,6689,0.15,0.15,1,707
1340,6690,0.15,0.15,1,709
1341,6691,0.15,0.15,1,711
1342,6692,0.15,0.15,1,713
1343,6693,0.15,0.15,1,715
1344,6694,0.15,0.15,1,717
1345,6695,0.15,0.15,1,719
1346,6696,0.15,0.15,1,722
1347,6697,0.15,0.15,1,724
1348,6698,0.15,0.15,1,726
1349,6699,0.15,0.15,1,727
1350,6700,0.15,0.15,1,728
1351,6701,0.15,0.15,1,728
1352,6702,0.15,0.15,1,729
1353,6703,0.15,0.15,1,729
1354,6704,0.15,0.15,1,729
1355,6705,0.15,0.15,1,729
1356,6706,0.15,0.15,1,271
1357,6707,0.15,0.15,1,272
1358,6708,0.15,0.15,1,272
1359,6709,0.15,0.15,1,273
1360,6710,0.15,0.15,1,273
1361,6711,0.15,0.15,1,274
1362,6712,0.15,0.15,1,275
1363,6713,0.15,0.15,1,276
1364,6714,0.15,0.15,1,277
1365,6715,0.15,0.15,1,277
1366,6716,0.15,0.15,1,278
1367,6717,0.15,0.15,1,279
1368,6718,0.15,0.15,1,281
1369,6719,0.15,0.15,1,283
1370,6720,0.15,0.15,1,285
1371,6721,0.15,0.15,1,287
1372,6722,0.15,0.15,1,289
1373,6723,0.15,0.15,1,291
1374,6724,0.15,0.15,1,293
1375,6725,0.15,0.15,1,295
1376,6726,0.15,0.15,1,297
1377,6727,0.15,0.15,1,299
1378,6728,0.15,0.15,1,301
1379,6729,0.15,0.15,1,303
1380,6730,0.15,0.15,1,305
1381,6731,0.15,0.15,1,307
1382,6732,0.15,0.15,1,309
1383,6733,0.15,0.15,1,311
1384,6734,0.15,0.15,1,314
1385,6735,0.15,0.15,1,316
1386,6736,0.15,0.15,1,319
1387,6737,0.15,0.15,1,321
1388,6738,0.15,0.15,1,323
1389,6739,0.15,0.15,1,325
1390,6740,0.15,0.15,1,327
1391,6741,0.15,0.15,1,329
1392,6742,0.15,0.15,1,331
1393,6743,0.15,0.15,1,333
1394,6744,0.15,0.15,1,335
1395,6745,0.15,0.15,1,337
1396,6746,0.15,0.15,1,339
1397,6747,0.15,0.15,1,340
1398,6748,0.15,0.15,1,342
1399,6749,0.15,0.15,1,344
1400,6750,0.15,0.15,1,346
1401,6751,0.15,0.15,1,348
1402,6752,0.15,0.15,1,350
1403,6753,0.15,0.15,1,352
1404,6754,0.15,0.15,1,354
1405,6755,0.15,0.15,1,358
1406,6756,0.15,0.15,1,360
1407,6757,0.15,0.15,1,363
1408,6758,0.15,0.15,1,364
1409,6759,0.15,0.15,1,366
1410,6760,0.15,0.15,1,368
1411,6761,0.15,0.15,1,370
1412,6762,0.15,0.15,1,372
1413,6763,0.15,0.15,1,374
1414,6764,0.15,0.15,1,376
1415,6765,0.15,0.15,1,378
1416,6766,0.15,0.15,1,380
1417,6767,0.15,0.15,1,382
1418,6768,0.15,0.15,1,384
1419,6769,0.15,0.15,1,386
1420,6770,0.15,0.15,1,388
1421,6771,0.15,0.15,1,390
1422,6772,0.15,0.15,1,392
1423,6773,0.15,0.15,1,394
1424,6774,0.15,0.15,1,396
1425,6775,0.15,0.15,1,398
1426,6776,0.15,0.15,1,400
1427,6777,0.15,0.15,1,402
1428,6778,0.15,0.15,1,404
1429,6779,0.15,0.15,1,406
1430,6780,0.15,0.15,1,408
1431,6781,0.15,0.15,1,410
1432,6782,0.15,0.15,1,412
1433,6783,0.15,0.15,1,414
1434,6784,0.15,0.15,1,416
1435,6785,0.15,0.15,1,418
1436,6786,0.15,0.15,1,420
1437,6787,0.15,0.15,1,422
1438,6788,0.15,0.15,1,424
1439,6789,0.15,0.15,1,426
1440,6790,0.15,0.15,1,428
1441,6791,0.15,0.15,1,430
1442,6792,0.15,0.15,1,432
1443,6793,0.15,0.15,1,434
1444,6794,0.15,0.15,1,436
1445,6795,0.15,0.15,1,438
1446,6796,0.15,0.15,1,439
1447,6797,0.15,0.15,1,441
1448,6798,0.15,0.15,1,443
1449,6799,0.15,0.15,1,445
1450,6800,0.15,0.15,1,447
1451,6801,0.15,0.15,1,449
1452,6802,0.15,0.15,1,451
1453,6803,0.15,0.15,1,453
1454,6804,0.15,0.15,1,455
1455,6805,0.15,0.15,1,457
1456,6806,0.15,0.15,1,459
1457,6807,0.15,0.15,1,461
1458,6808,0.15,0.15,1,464
1459,6809,0.15,0.15,1,466
1460,6810,0.15,0.15,1,467
1461,6811,0.15,0.15,1,469
1462,6812,0.15,0.15,1,471
1463,6813,0.15,0.15,1,473
1464,6814,0.15,0.15,1,475
1465,6815,0.15,0.15,1,477
1466,6816,0.15,0.15,1,479
1467,6817,0.15,0.15,1,481
1468,6818,0.15,0.15,1,483
1469,6819,0.15,0.15,1,485
1470,6820,0.15,0.15,1,487
1471,6821,0.15,0.15,1,489
1472,6822,0.15,0.15,1,491
1473,6823,0.15,0.15,1,493
1474,6824,0.15,0.15,1,495
1475,6825,0.15,0.15,1,497
1476,6826,0.15,0.15,1,499
1477,6827,0.15,0.15,1,501
1478,6828,0.15,0.15,1,503
1479,6829,0.15,0.15,1,504
1480,6830,0.15,0.15,1,505
1481,6831,0.15,0.15,1,506
1482,6832,0.15,0.15,1,506
1483,6833,0.15,0.15,1,507
1484,6834,0.15,0.15,1,507
1485,6835,0.15,0.15,1,508
1486,6836,0.15,0.15,1,508
1487,6837,0.15,0.15,1,508
1488,15327,0.15,0.15,0,5643
1489,15328,0.15,0.15,0,5641
1490,15329,0.15,0.15,0,5640
1491,15330,0.15,0.15,0,5638
1492,15331,0.15,0.15,0,5637
1493,15332,0.15,0.15,0,5630
1494,15333,0.15,0.15,0,5629
1495,15334,0.15,0.15,0,5627
1496,15335,0.15,0.15,0,5625
1497,15336,0.15,0.15,0,5623
1498,15337,0.15,0.15,0,5621
1499,15338,0.15,0.15,0,5619
1500,15339,0.15,0.15,0,5617
1501,15340,0.15,0.15,0,5603
1502,15341,0.15,0.15,0,5601
1503,15342,0.15,0.15,0,5599
1504,15343,0.15,0.15,0,5597
1505,15344,0.15,0.15,0,5595
1506,15345,0.15,0.15,0,5593
1507,15346,0.15,0.15,0,5591
1508,15347,0.15,0.15,0,5589
1509,15348,0.15,0.15,0,5587
1510,15349,0.15,0.15,0,5585
1511,15350,0.15,0.15,0,5583
1512,15351,0.15,0.15,0,5581
1513,15352,0.15,0.15,0,5579
1514,15353,0.15,0.15,0,5576
1515,15354,0.15,0.15,0,5574
1516,15355,0.15,0.15,0,5572
1517,15356,0.15,0.15,0,5571
1518,15357,0.15,0.15,0,5569
1519,15358,0.15,0.15,0,5566
1520,15359,0.15,0.15,0,5563
1521,15360,0.15,0.15,0,5561
1522,15361,0.15,0.15,0,5559
1523,15362,0.15,0.15,0,5557
1524,15363,0.15,0.15,0,5555
1525,15364,0.15,0.15,0,5553
1526,15365,0.15,0.15,0,5551
1527,15366,0.15,0.15,0,5549
1528,15367,0.15,0.15,0,5546
1529,15368,0.15,0.15,0,5544
1530,15369,0.15,0.15,0,5542
1531,15370,0.15,0.15,0,5539
1532,15371,0.15,0.15,0,5537
1533,15372,0.15,0.15,0,5535
1534,15373,0.15,0.15,0,5533
1535,15374,0.15,0.15,0,5531
1536,15375,0.15,0.15,0,5529
1537,15376,0.15,0.15,0,5527
1538,15377,0.15,0.15,0,5525
1539,15378,0.15,0.15,0,5523
1540,15379,0.15,0.15,0,5521
1541,15380,0.15,0.15,0,5519
1542,15381,0.15,0.15,0,5517
1543,15382,0.15,0.15,0,5515
1544,15383,0.15,0.15,0,5513
1545,15384,0.15,0.15,0,5511
1546,15385,0.15,0.15,0,5509
1547,15386,0.15,0.15,0,5507
1548,15387,0.15,0.15,0,5506
1549,15388,0.15,0.15,0,5503
1550,15389,0.15,0.15,0,5501
1551,15390,0.15,0.15,0,5500
1552,15391,0.15,0.15,0,5498
1553,15392,0.15,0.15,0,5496
1554,15393,0.15,0.15,0,5493
1555,15394,0.15,0.15,0,5491
1556,15395,0.15,0.15,0,5489
1557,15396,0.15,0.15,0,5487
1558,15397,0.15,0.15,0,5485
1559,15398,0.15,0.15,0,5483
1560,15399,0.15,0.15,0,5482
1561,15400,0.15,0.15,0,5465
1562,15401,0.15,0.15,0,5464
1563,15402,0.15,0.15,0,5461
1564,15403,0.15,0.15,0,5459
1565,15404,0.15,0.15,0,5457
1566,15405,0.15,0.15,0,5455
1567,15406,0.15,0.15,0,5453
1568,15407,0.15,0.15,0,5451
1569,15408,0.15,0.15,0,5449
1570,15409,0.15,0.15,0,5447
1571,15410,0.15,0.15,0,5445
1572,15411,0.15,0.15,0,5443
1573,15412,0.15,0.15,0,5441
1574,15413,0.15,0.15,0,5438
1575,15414,0.15,0.15,0,5436
1576,15415,0.15,0.15,0,5434
1577,15416,0.15,0.15,0,5432
1578,15417,0.15,0.15,0,5430
1579,15418,0.15,0.15,0,5429
1580,15419,0.15,0.15,0,5427
1581,15420,0.15,0.15,0,5425
1582,15421,0.15,0.15,0,5423
1583,15422,0.15,0.15,0,5421
1584,15423,0.15,0.15,0,5419
1585,15424,0.15,0.15,0,5417
1586,15425,0.15,0.15,0,5415
1587,15426,0.15,0.15,0,5413
1588,15427,0.15,0.15,0,5411
1589,15428,0.15,0.15,0,5409
1590,15429,0.15,0.15,0,5406
1591,15430,0.15,0.15,0,5404
1592,15431,0.15,0.15,0,5402
1593,15432,0.15,0.15,0,5400
1594,15433,0.15,0.15,0,5398
1595,15434,0.15,0.15,0,5396
1596,15435,0.15,0.15,0,5394
1597,15436,0.15,0.15,0,5392
1598,15437,0.15,0.15,0,5390
1599,15438,0.15,0.15,0,5388
1600,15439,0.15,0.15,0,5386
1601,15440,0.15,0.15,0,5384
1602,15441,0.15,0.15,0,5382
1603,15442,0.15,0.15,0,5379
1604,15443,0.15,0.15,0,5378
1605,15444,0.15,0.15,0,5618
1606,15445,0.15,0.15,0,5620
1607,15446,0.15,0.15,0,5622
1608,15447,0.15,0.15,0,5624
1609,15448,0.15,0.15,0,5625
1610,15449,0.15,0.15,0,5520
1611,15450,0.15,0.15,0,5522
1612,15451,0.15,0.15,0,5524
1613,15452,0.15,0.15,0,5526
1614,15453,0.15,0.15,0,5528
1615,15454,0.15,0.15,0,5530
1616,15455,0.15,0.15,0,5532
1617,15456,0.15,0.15,0,5534
1618,15457,0.15,0.15,0,5536
1619,15458,0.15,0.15,0,5538
1620,15459,0.15,0.15,0,5539
1621,15460,0.15,0.15,0,5542
1622,15461,0.15,0.15,0,5544
1623,15462,0.15,0.15,0,5546
1624,15463,0.15,0.15,0,5549
1625,15464,0.15,0.15,0,5551
1626,15465,0.15,0.15,0,5553
1627,15466,0.15,0.15,0,5555
1628,15467,0.15,0.15,0,5557
1629,15468,0.15,0.15,0,5559
1630,15469,0.15,0.15,0,5561
1631,15470,0.15,0.15,0,5564
1632,15471,0.15,0.15,0,5567
1633,15472,0.15,0.15,0,5570
1634,15473,0.15,0.15,0,5572
1635,15474,0.15,0.15,0,5574
1636,15475,0.15,0.15,0,5575
1637,15476,0.15,0.15,0,5577
1638,15477,0.15,0.15,0,5579
1639,15478,0.15,0.15,0,5581
1640,15479,0.15,0.15,0,5583
1641,15480,0.15,0.15,0,5585
1642,15481,0.15,0.15,0,5587
1643,15482,0.15,0.15,0,5589
1644,15483,0.15,0.15,0,5591
1645,15484,0.15,0.15,0,5594
1646,15485,0.15,0.15,0,5595
1647,15486,0.15,0.15,0,5597
1648,15487,0.15,0.15,0,5599
1649,15488,0.15,0.15,0,5601
1650,15489,0.15,0.15,0,5604
1651,15490,0.15,0.15,0,5606
1652,15491,0.15,0.15,0,5608
1653,15492,0.15,0.15,0,5610
1654,15493,0.15,0.15,0,5611
1655,15494,0.15,0.15,0,5384
1656,15495,0.15,0.15,0,5386
1657,15496,0.15,0.15,0,5388
1658,15497,0.15,0.15,0,5390
1659,15498,0.15,0.15,0,5392
1660,15499,0.15,0.15,0,5394
1661,15500,0.15,0.15,0,5396
1662,15501,0.15,0.15,0,5398
1663,15502,0.15,0.15,0,5399
1664,15503,0.15,0.15,0,5401
1665,15504,0.15,0.15,0,5403
1666,15505,0.15,0.15,0,5405
1667,15506,0.15,0.15,0,5407
1668,15507,0.15,0.15,0,5410
1669,15508,0.15,0.15,0,5412
1670,15509,0.15,0.15,0,5414
1671,15510,0.15,0.15,0,5415
1672,15511,0.15,0.15,0,5417
1673,15512,0.15,0.15,0,5419
1674,15513,0.15,0.15,0,5421
1675,15514,0.15,0.15,0,5423
1676,15515,0.15,0.15,0,5426
1677,15516,0.15,0.15,0,5428
1678,15517,0.15,0.15,0,5429
1679,15518,0.15,0.15,0,5431
1680,15519,0.15,0.15,0,5433
1681,15520,0.15,0.15,0,5435
1682,15521,0.15,0.15,0,5437
1683,15522,0.15,0.15,0,5439
1684,15523,0.15,0.15,0,5442
1685,15524,0.15,0.15,0,5444
1686,15525,0.15,0.15,0,5446
1687,15526,0.15,0.15,0,5448
1688,15527,0.15,0.15,0,5450
1689,15528,0.15,0.15,0,5453
1690,15529,0.15,0.15,0,5455
1691,15530,0.15,0.15,0,5456
1692,15531,0.15,0.15,0,5459
1693,15532,0.15,0.15,0,5461
1694,15533,0.15,0.15,0,5462
1695,15534,0.15,0.15,0,5464
1696,15535,0.15,0.15,0,5466
1697,15536,0.15,0.15,0,5468
1698,15537,0.15,0.15,0,5470
1699,15538,0.15,0.15,0,5472
1700,15539,0.15,0.15,0,5474
1701,15540,0.15,0.15,0,5476
1702,15541,0.15,0.15,0,5478
1703,15542,0.15,0.15,0,5480
1704,15543,0.15,0.15,0,5482
1705,15544,0.15,0.15,0,5484
1706,15545,0.15,0.15,0,5486
1707,15546,0.15,0.15,0,5488
1708,15547,0.15,0.15,0,5490
1709,15548,0.15,0.15,0,5492
1710,15549,0.15,0.15,0,5494
1711,15550,0.15,0.15,0,5497
1712,15551,0.15,0.15,0,5499
1713,15552,0.15,0.15,0,5500
1714,15553,0.15,0.15,0,5502
1715,15554,0.15,0.15,0,5504
1716,15555,0.15,0.15,0,5506
1717,15556,0.15,0.15,0,5508
1718,15557,0.15,0.15,0,5510
1719,15558,0.15,0.15,0,5512
1720,15559,0.15,0.15,0,5513
