ID,PLID,LinkID
1,154,695
2,155,1150
3,156,4064
4,157,3798
5,158,3657
6,159,2692
7,160,11
8,161,5364
9,162,5336
10,163,5298
11,164,92
12,165,136
13,166,5155
14,167,288
15,168,5007
16,169,4892
17,170,505
18,171,529
19,172,601
20,173,613
21,174,743
22,175,4406
23,176,4273
24,177,1134
25,178,1169
26,179,1187
27,180,1297
28,181,3985
29,182,3958
30,183,3923
31,184,3863
32,185,3758
33,186,1762
34,187,1898
35,188,3457
36,189,3421
37,190,1996
38,191,3302
39,192,2097
40,193,3115
41,194,2304
42,195,2307
43,196,2820
44,197,2763
45,198,5627
46,199,5572
47,200,5512
48,201,5455
49,202,5398
50,210,5468
51,211,5629
52,212,5652
53,213,4271
54,214,5268
55,215,5366
56,216,8322
57,217,7
58,218,124
59,219,1098
60,220,1128
61,221,1722
62,222,1964
63,223,11328
64,224,11371
