ID,LID,LinkID
1,6838,5374
2,6839,5373
3,6840,5369
4,6841,5365
5,6842,5361
6,6843,5357
7,6844,5353
8,6845,5349
9,6846,5345
10,6847,5341
11,6848,5337
12,6849,5333
13,6850,5329
14,6851,5326
15,6852,5322
16,6853,5316
17,6854,5312
18,6855,5308
19,6856,5303
20,6857,5297
21,6858,5294
22,6859,5291
23,6860,5285
24,6861,5282
25,6862,5281
26,6863,5281
27,6864,5280
28,6865,5280
29,6866,5279
30,6867,5279
31,6868,5279
32,6869,5272
33,6870,5272
34,6871,5272
35,6872,5271
36,6873,5271
37,6874,5271
38,6875,5271
39,6876,5270
40,6877,5270
41,6878,5268
42,6879,5264
43,6880,5260
44,6881,5257
45,6882,5253
46,6883,5249
47,6884,5245
48,6885,5241
49,6886,5237
50,6887,5233
51,6888,5229
52,6889,5225
53,6890,5221
54,6891,5218
55,6892,5215
56,6893,5211
57,6894,5206
58,6895,5202
59,6896,5198
60,6897,5194
61,6898,5190
62,6899,5186
63,6900,5181
64,6901,5176
65,6902,5163
66,6903,5151
67,6904,5146
68,6905,5140
69,6906,5135
70,6907,5131
71,6908,5117
72,6909,5105
73,6910,5100
74,6911,5093
75,6912,5087
76,6913,5081
77,6914,5073
78,6915,5064
79,6916,5055
80,6917,5045
81,6918,5036
82,6919,5030
83,6920,5023
84,6921,5016
85,6922,5010
86,6923,5003
87,6924,4994
88,6925,4985
89,6926,4976
90,6927,4961
91,6928,4949
92,6929,4943
93,6930,4937
94,6931,4931
95,6932,4919
96,6933,4907
97,6934,4898
98,6935,4886
99,6936,4875
100,6937,4866
101,6938,4860
102,6939,4851
103,6940,4839
104,6941,4831
105,6942,4826
106,6943,4820
107,6944,4816
108,6945,4813
109,6946,4808
110,6947,4803
111,6948,4796
112,6949,4789
113,6950,4785
114,6951,4782
115,6952,4775
116,6953,4770
117,6954,4764
118,6955,4758
119,6956,4752
120,6957,4746
121,6958,4740
122,6959,4734
123,6960,4728
124,6961,4722
125,6962,4716
126,6963,4710
127,6964,4703
128,6965,4697
129,6966,4691
130,6967,4686
131,6968,4680
132,6969,4673
133,6970,4667
134,6971,4661
135,6972,4655
136,6973,4649
137,6974,4642
138,6975,4636
139,6976,4631
140,6977,4625
141,6978,4618
142,6979,4612
143,6980,4606
144,6981,4600
145,6982,4594
146,6983,4588
147,6984,4582
148,6985,4576
149,6986,4571
150,6987,4565
151,6988,4559
152,6989,4553
153,6990,4547
154,6991,4541
155,6992,4536
156,6993,4530
157,6994,4523
158,6995,4517
159,6996,4511
160,6997,4505
161,6998,4501
162,6999,4497
163,7000,4491
164,7001,4485
165,7002,4479
166,7003,4474
167,7004,4468
168,7005,4462
169,7006,4456
170,7007,4450
171,7008,4444
172,7009,4438
173,7010,4431
174,7011,4425
175,7012,4419
176,7013,4413
177,7014,4407
178,7015,4401
179,7016,4396
180,7017,4390
181,7018,4384
182,7019,4380
183,7020,4376
184,7021,4370
185,7022,4363
186,7023,4357
187,7024,4352
188,7025,4347
189,7026,4341
190,7027,4332
191,7028,4327
192,7029,4322
193,7030,4314
194,7031,4307
195,7032,4301
196,7033,4295
197,7034,4290
198,7035,4285
199,7036,4279
200,7037,4273
201,7038,4267
202,7039,4263
203,7040,4261
204,7041,4261
205,7042,4260
206,7043,4260
207,7044,4260
208,7045,4248
209,7046,4244
210,7047,4240
211,7048,4235
212,7049,4229
213,7050,4223
214,7051,4217
215,7052,4211
216,7053,4205
217,7054,4199
218,7055,4193
219,7056,4187
220,7057,4181
221,7058,4174
222,7059,4167
223,7060,4161
224,7061,4155
225,7062,4148
226,7063,4142
227,7064,4136
228,7065,4129
229,7066,4123
230,7067,4117
231,7068,4111
232,7069,4104
233,7070,4096
234,7071,4090
235,7072,4085
236,7073,4080
237,7074,4075
238,7075,4069
239,7076,4062
240,7077,4057
241,7078,4051
242,7079,4045
243,7080,4040
244,7081,4037
245,7082,4031
246,7083,4027
247,7084,4022
248,7085,4017
249,7086,4011
250,7087,4007
251,7088,4002
252,7089,3995
253,7090,3989
254,7091,3983
255,7092,3977
256,7093,3971
257,7094,3965
258,7095,3959
259,7096,3953
260,7097,3947
261,7098,3941
262,7099,3934
263,7100,3928
264,7101,3922
265,7102,3916
266,7103,3910
267,7104,3904
268,7105,3898
269,7106,3893
270,7107,3886
271,7108,3880
272,7109,3872
273,7110,3866
274,7111,3860
275,7112,3854
276,7113,3849
277,7114,3846
278,7115,3845
279,7116,3841
280,7117,3835
281,7118,3830
282,7119,3824
283,7120,3818
284,7121,3812
285,7122,3806
286,7123,3800
287,7124,3794
288,7125,3788
289,7126,3781
290,7127,3777
291,7128,3772
292,7129,3766
293,7130,3758
294,7131,3751
295,7132,3744
296,7133,3737
297,7134,3732
298,7135,3726
299,7136,3720
300,7137,3714
301,7138,3708
302,7139,3703
303,7140,3697
304,7141,3693
305,7142,3689
306,7143,3682
307,7144,3676
308,7145,3672
309,7146,3667
310,7147,3660
311,7148,3654
312,7149,3648
313,7150,3644
314,7151,3640
315,7152,3636
316,7153,3631
317,7154,3625
318,7155,3621
319,7156,3620
320,7157,3620
321,7158,3620
322,7159,3619
323,7160,3619
324,7161,3619
325,7162,3607
326,7163,3606
327,7164,3606
328,7165,3605
329,7166,3604
330,7167,3604
331,7168,3603
332,7169,3602
333,7170,3601
334,7171,3597
335,7172,3591
336,7173,3584
337,7174,3577
338,7175,3571
339,7176,3565
340,7177,3559
341,7178,3553
342,7179,3547
343,7180,3540
344,7181,3535
345,7182,3532
346,7183,3531
347,7184,3530
348,7185,3530
349,7186,3529
350,7187,3521
351,7188,3520
352,7189,3520
353,7190,3519
354,7191,3517
355,7192,3514
356,7193,3509
357,7194,3504
358,7195,3498
359,7196,3492
360,7197,3486
361,7198,3480
362,7199,3475
363,7200,3472
364,7201,3472
365,7202,3471
366,7203,3471
367,7204,3464
368,7205,3463
369,7206,3462
370,7207,3461
371,7208,3460
372,7209,3459
373,7210,3457
374,7211,3455
375,7212,3454
376,7213,3453
377,7214,3453
378,7215,3452
379,7216,3451
380,7217,3451
381,7218,3442
382,7219,3441
383,7220,3441
384,7221,3440
385,7222,3439
386,7223,3436
387,7224,3432
388,7225,3426
389,7226,3420
390,7227,3414
391,7228,3408
392,7229,3404
393,7230,3404
394,7231,3402
395,7232,3401
396,7233,3401
397,7234,3400
398,7235,3400
399,7236,3399
400,7237,3398
401,7238,3390
402,7239,3390
403,7240,3389
404,7241,3389
405,7242,3388
406,7243,3385
407,7244,3381
408,7245,3377
409,7246,3371
410,7247,3365
411,7248,3359
412,7249,3353
413,7250,3347
414,7251,3342
415,7252,3336
416,7253,3329
417,7254,3323
418,7255,3316
419,7256,3309
420,7257,3303
421,7258,3298
422,7259,3295
423,7260,3295
424,7261,3294
425,7262,3294
426,7263,3293
427,7264,3293
428,7265,3285
429,7266,3284
430,7267,3284
431,7268,3283
432,7269,3282
433,7270,3279
434,7271,3272
435,7272,3266
436,7273,3261
437,7274,3254
438,7275,3249
439,7276,3242
440,7277,3236
441,7278,3230
442,7279,3224
443,7280,3218
444,7281,3212
445,7282,3205
446,7283,3202
447,7284,3201
448,7285,3201
449,7286,3200
450,7287,3200
451,7288,3199
452,7289,3095
453,7290,3095
454,7291,3096
455,7292,3096
456,7293,3097
457,7294,3097
458,7295,3098
459,7296,3098
460,7297,3099
461,7298,3100
462,7299,3100
463,7300,3104
464,7301,3108
465,7302,3113
466,7303,3119
467,7304,3125
468,7305,3131
469,7306,3135
470,7307,3141
471,7308,3147
472,7309,3152
473,7310,3156
474,7311,3161
475,7312,3166
476,7313,3173
477,7314,3179
478,7315,3185
479,7316,3188
480,7317,3189
481,7318,3189
482,7319,3190
483,7320,3084
484,7321,3083
485,7322,3082
486,7323,3081
487,7324,3078
488,7325,3074
489,7326,3069
490,7327,3063
491,7328,3059
492,7329,3055
493,7330,3048
494,7331,3042
495,7332,3038
496,7333,3034
497,7334,3028
498,7335,3021
499,7336,3015
500,7337,3008
501,7338,3002
502,7339,2996
503,7340,2990
504,7341,2983
505,7342,2976
506,7343,2970
507,7344,2964
508,7345,2958
509,7346,2952
510,7347,2946
511,7348,2940
512,7349,2934
513,7350,2928
514,7351,2922
515,7352,2915
516,7353,2909
517,7354,2903
518,7355,2897
519,7356,2891
520,7357,2885
521,7358,2879
522,7359,2873
523,7360,2867
524,7361,2862
525,7362,2856
526,7363,2850
527,7364,2844
528,7365,2839
529,7366,2839
530,7367,2838
531,7368,2838
532,7369,2837
533,7370,2837
534,7371,2836
535,7372,2836
536,7373,2826
537,7374,2825
538,7375,2825
539,7376,2825
540,7377,2825
541,7378,2824
542,7379,2824
543,7380,2824
544,7381,2823
545,7382,2822
546,7383,2821
547,7384,2817
548,7385,2811
549,7386,2804
550,7387,2798
551,7388,2791
552,7389,2785
553,7390,2780
554,7391,2774
555,7392,2767
556,7393,2761
557,7394,2754
558,7395,2749
559,7396,2742
560,7397,2736
561,7398,2732
562,7399,2729
563,7400,2723
564,7401,2717
565,7402,2711
566,7403,2707
567,7404,2701
568,7405,2693
569,7406,2687
570,7407,5685
571,7408,5685
572,7409,5649
573,7410,5649
574,7411,5648
575,7412,5647
576,7413,5646
577,7414,5646
578,7415,5645
579,7416,5644
580,7417,11314
581,7418,11314
582,7419,11314
583,7420,11315
584,7421,11315
585,7422,11315
586,7423,11316
587,7424,11317
588,7425,11320
589,7426,11324
590,7427,3
591,7428,7
592,7429,11
593,7430,15
594,7431,19
595,7432,23
596,7433,26
597,7434,32
598,7435,39
599,7436,42
600,7437,47
601,7438,52
602,7439,57
603,7440,60
604,7441,65
605,7442,70
606,7443,76
607,7444,83
608,7445,89
609,7446,92
610,7447,93
611,7448,94
612,7449,94
613,7450,95
614,7451,95
615,7452,95
616,7453,103
617,7454,103
618,7455,103
619,7456,104
620,7457,104
621,7458,105
622,7459,105
623,7460,109
624,7461,116
625,7462,127
626,7463,137
627,7464,147
628,7465,157
629,7466,166
630,7467,177
631,7468,187
632,7469,196
633,7470,206
634,7471,216
635,7472,226
636,7473,236
637,7474,242
638,7475,245
639,7476,245
640,7477,246
641,7478,246
642,7479,247
643,7480,248
644,7481,248
645,7482,249
646,7483,249
647,7484,250
648,7485,250
649,7486,251
650,7487,252
651,7488,11335
652,7489,11334
653,7490,11334
654,7491,11333
655,7492,11333
656,7493,11332
657,7494,11332
658,7495,11331
659,7496,11330
660,7497,11330
661,7498,11329
662,7499,11328
663,7500,11327
664,7501,2669
665,7502,2659
666,7503,2650
667,7504,2640
668,7505,2629
669,7506,2619
670,7507,2609
671,7508,2602
672,7509,2596
673,7510,2590
674,7511,2583
675,7512,2576
676,7513,2571
677,7514,2565
678,7515,2559
679,7516,2555
680,7517,2550
681,7518,2545
682,7519,2541
683,7520,2538
684,7521,2536
685,7522,2535
686,7523,2534
687,7524,2534
688,7525,2533
689,7526,2533
690,7527,2533
691,7528,2526
692,7529,2526
693,7530,2526
694,7531,2525
695,7532,2524
696,7533,2521
697,7534,2516
698,7535,2509
699,7536,2503
700,7537,2497
701,7538,2491
702,7539,2485
703,7540,2481
704,7541,2478
705,7542,2477
706,7543,2477
707,7544,2476
708,7545,2476
709,7546,2475
710,7547,2475
711,7548,2475
712,7549,2466
713,7550,2466
714,7551,2465
715,7552,2463
716,7553,2459
717,7554,2453
718,7555,2447
719,7556,2442
720,7557,2437
721,7558,2430
722,7559,2425
723,7560,2419
724,7561,2412
725,7562,2401
726,7563,2390
727,7564,2384
728,7565,2383
729,7566,2382
730,7567,2381
731,7568,2381
732,7569,2380
733,7570,2372
734,7571,2371
735,7572,2371
736,7573,2370
737,7574,2369
738,7575,2368
739,7576,2362
740,7577,2354
741,7578,2348
742,7579,2344
743,7580,2335
744,7581,2326
745,7582,2318
746,7583,2310
747,7584,2302
748,7585,2294
749,7586,2288
750,7587,2285
751,7588,2284
752,7589,2284
753,7590,2283
754,7591,2282
755,7592,2282
756,7593,2281
757,7594,2281
758,7595,2280
759,7596,2269
760,7597,2269
761,7598,2268
762,7599,2267
763,7600,2267
764,7601,2266
765,7602,2265
766,7603,2264
767,7604,2260
768,7605,2252
769,7606,2246
770,7607,2244
771,7608,2239
772,7609,2231
773,7610,2223
774,7611,2215
775,7612,2207
776,7613,2198
777,7614,2190
778,7615,2183
779,7616,2177
780,7617,2170
781,7618,2163
782,7619,2157
783,7620,2151
784,7621,2145
785,7622,2139
786,7623,2133
787,7624,2127
788,7625,2121
789,7626,2115
790,7627,2109
791,7628,2103
792,7629,2098
793,7630,2091
794,7631,2084
795,7632,2078
796,7633,2072
797,7634,2066
798,7635,2063
799,7636,2058
800,7637,2051
801,7638,2045
802,7639,2038
803,7640,2033
804,7641,2027
805,7642,2021
806,7643,2015
807,7644,2009
808,7645,2003
809,7646,1997
810,7647,1991
811,7648,1985
812,7649,1980
813,7650,1978
814,7651,1978
815,7652,1977
816,7653,1977
817,7654,1976
818,7655,1975
819,7656,1975
820,7657,1966
821,7658,1965
822,7659,1964
823,7660,1964
824,7661,1963
825,7662,1962
826,7663,1961
827,7664,1959
828,7665,1957
829,7666,1953
830,7667,1947
831,7668,1939
832,7669,1929
833,7670,1919
834,7671,1909
835,7672,1899
836,7673,1888
837,7674,1878
838,7675,1868
839,7676,1860
840,7677,1853
841,7678,1847
842,7679,1841
843,7680,1836
844,7681,1832
845,7682,1826
846,7683,1820
847,7684,1814
848,7685,1808
849,7686,1802
850,7687,1796
851,7688,1790
852,7689,1785
853,7690,1779
854,7691,1773
855,7692,1767
856,7693,1761
857,7694,1756
858,7695,1750
859,7696,1747
860,7697,1746
861,7698,1745
862,7699,1745
863,7700,1744
864,7701,1744
865,7702,1743
866,7703,1732
867,7704,1731
868,7705,1731
869,7706,1730
870,7707,1729
871,7708,1727
872,7709,1723
873,7710,1715
874,7711,1705
875,7712,1695
876,7713,1685
877,7714,1675
878,7715,1668
879,7716,1663
880,7717,1660
881,7718,1655
882,7719,1651
883,7720,1648
884,7721,1644
885,7722,1638
886,7723,1632
887,7724,1626
888,7725,1620
889,7726,1614
890,7727,1608
891,7728,1601
892,7729,1596
893,7730,1594
894,7731,1590
895,7732,1584
896,7733,1579
897,7734,1572
898,7735,1566
899,7736,1560
900,7737,1554
901,7738,1547
902,7739,1541
903,7740,1535
904,7741,1530
905,7742,1524
906,7743,1518
907,7744,1512
908,7745,1506
909,7746,1500
910,7747,1494
911,7748,1488
912,7749,1485
913,7750,1484
914,7751,1483
915,7752,1483
916,7753,1482
917,7754,1481
918,7755,1481
919,7756,1480
920,7757,1480
921,7758,1479
922,7759,1479
923,7760,1478
924,7761,1478
925,7762,1477
926,7763,1477
927,7764,1476
928,7765,1459
929,7766,1458
930,7767,1458
931,7768,1457
932,7769,1455
933,7770,1453
934,7771,1452
935,7772,1451
936,7773,1449
937,7774,1446
938,7775,1443
939,7776,1442
940,7777,1441
941,7778,1439
942,7779,1437
943,7780,1435
944,7781,1433
945,7782,1431
946,7783,1429
947,7784,1427
948,7785,1425
949,7786,1423
950,7787,1421
951,7788,1419
952,7789,1417
953,7790,1415
954,7791,1413
955,7792,1410
956,7793,1407
957,7794,1405
958,7795,1403
959,7796,1401
960,7797,1398
961,7798,1396
962,7799,1394
963,7800,1392
964,7801,1390
965,7802,1389
966,7803,1387
967,7804,1385
968,7805,1383
969,7806,1381
970,7807,1379
971,7808,1378
972,7809,1376
973,7810,1373
974,7811,1371
975,7812,1369
976,7813,1367
977,7814,1365
978,7815,1363
979,7816,1361
980,7817,1359
981,7818,1357
982,7819,1355
983,7820,1353
984,7821,1351
985,7822,1349
986,7823,1347
987,7824,1345
988,7825,1343
989,7826,1341
990,7827,1339
991,7828,1337
992,7829,1335
993,7830,1332
994,7831,1329
995,7832,1327
996,7833,1324
997,7834,1320
998,7835,1318
999,7836,1315
1000,7837,1313
1001,7838,1310
1002,7839,1307
1003,7840,1305
1004,7841,1302
1005,7842,1300
1006,7843,1298
1007,7844,1296
1008,7845,1294
1009,7846,1292
1010,7847,1290
1011,7848,1288
1012,7849,1286
1013,7850,1284
1014,7851,1282
1015,7852,1280
1016,7853,1279
1017,7854,1276
1018,7855,1273
1019,7856,1269
1020,7857,1266
1021,7858,1264
1022,7859,1262
1023,7860,1260
1024,7861,1259
1025,7862,1256
1026,7863,1254
1027,7864,1252
1028,7865,1250
1029,7866,1248
1030,7867,1246
1031,7868,1245
1032,7869,1242
1033,7870,1240
1034,7871,1236
1035,7872,1232
1036,7873,1230
1037,7874,1227
1038,7875,1224
1039,7876,1223
1040,7877,1221
1041,7878,1219
1042,7879,1217
1043,7880,1215
1044,7881,1213
1045,7882,1210
1046,7883,1208
1047,7884,1206
1048,7885,1204
1049,7886,1203
1050,7887,1201
1051,7888,1199
1052,7889,1197
1053,7890,1195
1054,7891,1193
1055,7892,1190
1056,7893,1188
1057,7894,1186
1058,7895,1184
1059,7896,1182
1060,7897,1180
1061,7898,1178
1062,7899,1176
1063,7900,1174
1064,7901,1172
1065,7902,1170
1066,7903,1168
1067,7904,1166
1068,7905,1164
1069,7906,1162
1070,7907,1160
1071,7908,1158
1072,7909,1156
1073,7910,1153
1074,7911,1151
1075,7912,1149
1076,7913,1147
1077,7914,1145
1078,7915,1143
1079,7916,1141
1080,7917,1139
1081,7918,1137
1082,7919,1135
1083,7920,1133
1084,7921,1131
1085,7922,1129
1086,7923,1127
1087,7924,1125
1088,7925,1123
1089,7926,1121
1090,7927,1119
1091,7928,1119
1092,7929,1118
1093,7930,1118
1094,7931,1118
1095,7932,1117
1096,7933,1117
1097,7934,1116
1098,7935,1106
1099,7936,1106
1100,7937,1106
1101,7938,1105
1102,7939,1105
1103,7940,1105
1104,7941,1104
1105,7942,1103
1106,7943,1102
1107,7944,1101
1108,7945,1098
1109,7946,1095
1110,7947,1093
1111,7948,1091
1112,7949,1088
1113,7950,1084
1114,7951,1081
1115,7952,1079
1116,7953,1077
1117,7954,1075
1118,7955,1073
1119,7956,1071
1120,7957,1069
1121,7958,1067
1122,7959,1065
1123,7960,1063
1124,7961,1061
1125,7962,1059
1126,7963,1057
1127,7964,1055
1128,7965,1053
1129,7966,1051
1130,7967,1049
1131,7968,1047
1132,7969,1045
1133,7970,1043
1134,7971,1041
1135,7972,1039
1136,7973,1037
1137,7974,1035
1138,7975,1033
1139,7976,1031
1140,7977,1029
1141,7978,1028
1142,7979,1025
1143,7980,1023
1144,7981,1021
1145,7982,1018
1146,7983,1017
1147,7984,1015
1148,7985,1010
1149,7986,1006
1150,7987,1004
1151,7988,1002
1152,7989,1000
1153,7990,998
1154,7991,996
1155,7992,994
1156,7993,991
1157,7994,989
1158,7995,987
1159,7996,985
1160,7997,983
1161,7998,981
1162,7999,979
1163,8000,977
1164,8001,975
1165,8002,973
1166,8003,971
1167,8004,969
1168,8005,968
1169,8006,965
1170,8007,961
1171,8008,959
1172,8009,957
1173,8010,955
1174,8011,953
1175,8012,951
1176,8013,949
1177,8014,946
1178,8015,943
1179,8016,941
1180,8017,939
1181,8018,937
1182,8019,935
1183,8020,934
1184,8021,932
1185,8022,930
1186,8023,928
1187,8024,926
1188,8025,923
1189,8026,922
1190,8027,920
1191,8028,918
1192,8029,915
1193,8030,914
1194,8031,912
1195,8032,910
1196,8033,907
1197,8034,904
1198,8035,902
1199,8036,900
1200,8037,898
1201,8038,896
1202,8039,894
1203,8040,892
1204,8041,890
1205,8042,888
1206,8043,876
1207,8044,863
1208,8045,861
1209,8046,859
1210,8047,857
1211,8048,855
1212,8049,853
1213,8050,846
1214,8051,839
1215,8052,837
1216,8053,835
1217,8054,833
1218,8055,831
1219,8056,829
1220,8057,827
1221,8058,825
1222,8059,822
1223,8060,820
1224,8061,819
1225,8062,817
1226,8063,814
1227,8064,813
1228,8065,811
1229,8066,809
1230,8067,807
1231,8068,805
1232,8069,803
1233,8070,801
1234,8071,799
1235,8072,797
1236,8073,795
1237,8074,793
1238,8075,791
1239,8076,789
1240,8077,787
1241,8078,785
1242,8079,783
1243,8080,781
1244,8081,779
1245,8082,777
1246,8083,775
1247,8084,773
1248,8085,770
1249,8086,766
1250,8087,763
1251,8088,761
1252,8089,755
1253,8090,748
1254,8091,745
1255,8092,744
1256,8093,742
1257,8094,740
1258,8095,740
1259,8096,739
1260,8097,739
1261,8098,739
1262,8099,738
1263,8100,738
1264,8101,738
1265,8102,738
1266,8103,729
1267,8104,729
1268,8105,729
1269,8106,729
1270,8107,728
1271,8108,728
1272,8109,727
1273,8110,726
1274,8111,724
1275,8112,722
1276,8113,719
1277,8114,717
1278,8115,715
1279,8116,713
1280,8117,711
1281,8118,709
1282,8119,707
1283,8120,705
1284,8121,703
1285,8122,701
1286,8123,699
1287,8124,697
1288,8125,695
1289,8126,693
1290,8127,691
1291,8128,689
1292,8129,687
1293,8130,685
1294,8131,683
1295,8132,681
1296,8133,679
1297,8134,677
1298,8135,675
1299,8136,672
1300,8137,670
1301,8138,668
1302,8139,666
1303,8140,664
1304,8141,662
1305,8142,661
1306,8143,659
1307,8144,656
1308,8145,654
1309,8146,649
1310,8147,631
1311,8148,615
1312,8149,613
1313,8150,611
1314,8151,609
1315,8152,607
1316,8153,605
1317,8154,603
1318,8155,601
1319,8156,599
1320,8157,597
1321,8158,595
1322,8159,593
1323,8160,590
1324,8161,587
1325,8162,585
1326,8163,583
1327,8164,581
1328,8165,579
1329,8166,577
1330,8167,575
1331,8168,573
1332,8169,570
1333,8170,568
1334,8171,566
1335,8172,565
1336,8173,563
1337,8174,561
1338,8175,558
1339,8176,557
1340,8177,554
1341,8178,552
1342,8179,550
1343,8180,548
1344,8181,546
1345,8182,544
1346,8183,542
1347,8184,540
1348,8185,538
1349,8186,536
1350,8187,534
1351,8188,532
1352,8189,530
1353,8190,529
1354,8191,528
1355,8192,527
1356,8193,508
1357,8194,508
1358,8195,508
1359,8196,507
1360,8197,507
1361,8198,506
1362,8199,506
1363,8200,505
1364,8201,504
1365,8202,503
1366,8203,501
1367,8204,499
1368,8205,497
1369,8206,495
1370,8207,493
1371,8208,491
1372,8209,489
1373,8210,487
1374,8211,485
1375,8212,483
1376,8213,481
1377,8214,479
1378,8215,477
1379,8216,475
1380,8217,473
1381,8218,471
1382,8219,469
1383,8220,467
1384,8221,466
1385,8222,464
1386,8223,461
1387,8224,459
1388,8225,457
1389,8226,455
1390,8227,453
1391,8228,451
1392,8229,449
1393,8230,447
1394,8231,445
1395,8232,443
1396,8233,441
1397,8234,439
1398,8235,438
1399,8236,436
1400,8237,434
1401,8238,432
1402,8239,430
1403,8240,428
1404,8241,426
1405,8242,424
1406,8243,422
1407,8244,420
1408,8245,418
1409,8246,416
1410,8247,414
1411,8248,412
1412,8249,410
1413,8250,408
1414,8251,406
1415,8252,404
1416,8253,402
1417,8254,400
1418,8255,398
1419,8256,396
1420,8257,394
1421,8258,392
1422,8259,390
1423,8260,388
1424,8261,386
1425,8262,384
1426,8263,382
1427,8264,380
1428,8265,378
1429,8266,376
1430,8267,374
1431,8268,372
1432,8269,370
1433,8270,368
1434,8271,366
1435,8272,364
1436,8273,363
1437,8274,360
1438,8275,358
1439,8276,354
1440,8277,352
1441,8278,350
1442,8279,348
1443,8280,346
1444,8281,344
1445,8282,342
1446,8283,340
1447,8284,339
1448,8285,337
1449,8286,335
1450,8287,333
1451,8288,331
1452,8289,329
1453,8290,327
1454,8291,325
1455,8292,323
1456,8293,321
1457,8294,319
1458,8295,316
1459,8296,314
1460,8297,311
1461,8298,309
1462,8299,307
1463,8300,305
1464,8301,303
1465,8302,301
1466,8303,299
1467,8304,297
1468,8305,295
1469,8306,293
1470,8307,291
1471,8308,289
1472,8309,287
1473,8310,285
1474,8311,283
1475,8312,281
1476,8313,279
1477,8314,278
1478,8315,277
1479,8316,277
1480,8317,276
1481,8318,275
1482,8319,274
1483,8320,273
1484,8321,273
1485,8322,272
1486,8323,272
1487,8324,271
1488,14625,5643
1489,14626,5641
1490,14627,5640
1491,14628,5638
1492,14629,5636
1493,14630,5634
1494,14631,5632
1495,14632,5630
1496,14633,5629
1497,14634,5627
1498,14635,5625
1499,14636,5623
1500,14637,5621
1501,14638,5619
1502,14639,5617
1503,14640,5615
1504,14641,5613
1505,14642,5610
1506,14643,5609
1507,14644,5607
1508,14645,5605
1509,14646,5603
1510,14647,5601
1511,14648,5599
1512,14649,5597
1513,14650,5595
1514,14651,5593
1515,14652,5591
1516,14653,5589
1517,14654,5587
1518,14655,5585
1519,14656,5583
1520,14657,5581
1521,14658,5579
1522,14659,5576
1523,14660,5574
1524,14661,5572
1525,14662,5571
1526,14663,5569
1527,14664,5566
1528,14665,5563
1529,14666,5561
1530,14667,5559
1531,14668,5557
1532,14669,5555
1533,14670,5553
1534,14671,5551
1535,14672,5549
1536,14673,5546
1537,14674,5544
1538,14675,5542
1539,14676,5539
1540,14677,5537
1541,14678,5535
1542,14679,5533
1543,14680,5531
1544,14681,5529
1545,14682,5527
1546,14683,5525
1547,14684,5523
1548,14685,5521
1549,14686,5519
1550,14687,5517
1551,14688,5515
1552,14689,5513
1553,14690,5511
1554,14691,5509
1555,14692,5507
1556,14693,5506
1557,14694,5503
1558,14695,5501
1559,14696,5500
1560,14697,5498
1561,14698,5496
1562,14699,5493
1563,14700,5491
1564,14701,5489
1565,14702,5487
1566,14703,5485
1567,14704,5483
1568,14705,5482
1569,14706,5481
1570,14707,5480
1571,14708,5480
1572,14709,5479
1573,14710,5479
1574,14711,5479
1575,14712,5479
1576,14713,5376
1577,14714,5379
1578,14715,5382
1579,14716,5384
1580,14717,5386
1581,14718,5388
1582,14719,5390
1583,14720,5392
1584,14721,5394
1585,14722,5396
1586,14723,5398
1587,14724,5399
1588,14725,5401
1589,14726,5403
1590,14727,5405
1591,14728,5407
1592,14729,5410
1593,14730,5412
1594,14731,5414
1595,14732,5415
1596,14733,5417
1597,14734,5419
1598,14735,5421
1599,14736,5423
1600,14737,5426
1601,14738,5428
1602,14739,5429
1603,14740,5431
1604,14741,5433
1605,14742,5435
1606,14743,5437
1607,14744,5439
1608,14745,5442
1609,14746,5444
1610,14747,5446
1611,14748,5448
1612,14749,5450
1613,14750,5453
1614,14751,5455
1615,14752,5456
1616,14753,5459
1617,14754,5461
1618,14755,5462
1619,14756,5464
1620,14757,5466
1621,14758,5468
1622,14759,5470
1623,14760,5472
1624,14761,5474
1625,14762,5476
1626,14763,5478
1627,14764,5480
1628,14765,5482
1629,14766,5484
1630,14767,5486
1631,14768,5488
1632,14769,5490
1633,14770,5492
1634,14771,5494
1635,14772,5497
1636,14773,5499
1637,14774,5500
1638,14775,5502
1639,14776,5504
1640,14777,5506
1641,14778,5508
1642,14779,5510
1643,14780,5512
1644,14781,5514
1645,14782,5516
1646,14783,5518
1647,14784,5520
1648,14785,5522
1649,14786,5524
1650,14787,5526
1651,14788,5528
1652,14789,5530
1653,14790,5532
1654,14791,5534
1655,14792,5536
1656,14793,5538
1657,14794,5539
1658,14795,5542
1659,14796,5544
1660,14797,5546
1661,14798,5549
1662,14799,5551
1663,14800,5553
1664,14801,5555
1665,14802,5557
1666,14803,5559
1667,14804,5561
1668,14805,5564
1669,14806,5567
1670,14807,5570
1671,14808,5572
1672,14809,5574
1673,14810,5575
1674,14811,5577
1675,14812,5579
1676,14813,5581
1677,14814,5583
1678,14815,5585
1679,14816,5587
1680,14817,5589
1681,14818,5591
1682,14819,5594
1683,14820,5595
1684,14821,5597
1685,14822,5599
1686,14823,5601
1687,14824,5604
1688,14825,5606
1689,14826,5608
1690,14827,5610
1691,14828,5612
1692,14829,5614
1693,14830,5615
1694,14831,5618
1695,14832,5620
1696,14833,5622
1697,14834,5624
1698,14835,5626
1699,14836,5628
1700,14837,5628
1701,14838,5629
1702,14839,5662
1703,14840,5662
1704,14841,5662
1705,14842,5662
1706,14843,5661
1707,14844,5661
1708,14845,5660
1709,14846,5660
1710,14847,5659
1711,14848,5659
1712,14849,5659
1713,14850,5658
1714,14851,5658
1715,14852,5468
1716,14853,5468
1717,14854,5468
1718,14855,5468
1719,14856,5468
1720,14857,5467
1721,14858,5467
1722,14859,5466
1723,14860,5466
1724,14861,5465
1725,14862,5464
1726,14863,5461
1727,14864,5459
1728,14865,5457
1729,14866,5455
1730,14867,5453
1731,14868,5451
1732,14869,5449
1733,14870,5447
1734,14871,5445
1735,14872,5443
1736,14873,5441
1737,14874,5438
1738,14875,5436
1739,14876,5434
1740,14877,5432
1741,14878,5430
1742,14879,5429
1743,14880,5427
1744,14881,5425
1745,14882,5423
1746,14883,5421
1747,14884,5419
1748,14885,5417
1749,14886,5415
1750,14887,5413
1751,14888,5411
1752,14889,5409
1753,14890,5406
1754,14891,5404
1755,14892,5402
1756,14893,5400
1757,14894,5398
1758,14895,5396
1759,14896,5394
1760,14897,5392
1761,14898,5390
1762,14899,5388
1763,14900,5386
1764,14901,5384
1765,14902,5382
1766,14903,5379
1767,14904,5378
1768,14905,5377
1769,14906,5377
1770,14907,5376
1771,14908,5376
1772,14909,5375
1773,14910,5375
1774,14911,5375
1775,14912,5375
