LnID,DID,BLID,FLID,BNID,FNID,JCT,BLID2,BLID3,BLID4,FLID2,FLID3,FLID4,ClossID,Span,LCnt,Lno,LaneType,LimitVel,RefVel,RoadSecID,LaneChgFG
1,1,1102,2,0,1,0,1147,1193,0,0,0,0,0,1,1,1,0,6,6,0,0
2,2,1,3,1,2,0,0,0,0,0,0,0,0,1,1,1,0,6,6,0,0
3,3,2,4,2,3,0,0,0,0,0,0,0,0,1,1,1,0,6,6,0,0
4,4,3,5,3,4,0,0,0,0,0,0,0,0,1,1,1,0,6,6,0,0
5,5,4,6,4,5,0,0,0,0,0,0,0,0,1,1,1,0,6,6,0,0
6,6,5,7,5,6,0,0,0,0,0,0,0,0,1,1,1,0,6,6,0,0
7,7,6,8,6,7,0,0,0,0,0,0,0,0,1,1,1,0,6,6,0,0
8,8,7,9,7,8,0,0,0,0,0,0,0,0,1,1,1,0,6,6,0,0
9,9,8,10,8,9,0,0,0,0,0,0,0,0,1,1,1,0,6,6,0,0
10,10,9,11,9,10,0,0,0,0,0,0,0,0,1,1,1,0,6,6,0,0
11,11,10,12,10,11,0,0,0,0,0,0,0,0,1,1,1,0,6,6,0,0
12,12,11,13,11,12,0,0,0,0,0,0,0,0,1,1,1,0,6,6,0,0
13,13,12,14,12,13,0,0,0,0,0,0,0,0,1,1,1,0,6,6,0,0
14,14,13,15,13,14,0,0,0,0,0,0,0,0,1,1,1,0,6,6,0,0
15,15,14,16,14,15,0,0,0,0,0,0,0,0,1,1,1,0,6,6,0,0
16,16,15,17,15,16,0,0,0,0,0,0,0,0,1,1,1,0,6,6,0,0
17,17,16,18,16,17,0,0,0,0,0,0,0,0,1,1,1,0,6,6,0,0
18,18,17,19,17,18,0,0,0,0,0,0,0,0,1,1,1,0,6,6,0,0
19,19,18,20,18,19,0,0,0,0,0,0,0,0,1,1,1,0,6,6,0,0
20,20,19,21,19,20,0,0,0,0,0,0,0,0,1,1,1,0,6,6,0,0
21,21,20,22,20,21,0,0,0,0,0,0,0,0,1,1,1,0,6,6,0,0
22,22,21,23,21,22,0,0,0,0,0,0,0,0,1,1,1,0,6,6,0,0
23,23,22,24,22,23,0,0,0,0,0,0,0,0,1,1,1,0,6,6,0,0
24,24,23,25,23,24,0,0,0,0,0,0,0,0,1,1,1,0,6,6,0,0
25,25,24,26,24,25,0,0,0,0,0,0,0,0,1,1,1,0,6,6,0,0
26,26,25,27,25,26,0,0,0,0,0,0,0,0,1,1,1,0,6,6,0,0
27,27,26,28,26,27,0,0,0,0,0,0,0,0,1,1,1,0,6,6,0,0
28,28,27,29,27,28,0,0,0,0,0,0,0,0,1,1,1,0,6,6,0,0
29,29,28,30,28,29,0,0,0,0,0,0,0,0,1,1,1,0,6,6,0,0
30,30,29,31,29,30,0,0,0,0,0,0,0,0,1,1,1,0,6,6,0,0
31,31,30,32,30,31,0,0,0,0,0,0,0,0,1,1,1,0,6,6,0,0
32,32,31,33,31,32,0,0,0,0,0,0,0,0,1,1,1,0,6,6,0,0
33,33,32,34,32,33,0,0,0,0,0,0,0,0,1,1,1,0,6,6,0,0
34,34,33,35,33,34,0,0,0,0,0,0,0,0,1,1,1,0,6,6,0,0
35,35,34,36,34,35,0,0,0,0,0,0,0,0,1,1,1,0,6,6,0,0
36,36,35,37,35,36,0,0,0,0,0,0,0,0,1,1,1,0,6,6,0,0
37,37,36,38,36,37,0,0,0,0,0,0,0,0,1,1,1,0,6,6,0,0
38,38,37,39,37,38,0,0,0,0,0,0,0,0,1,1,1,0,6,6,0,0
39,39,38,40,38,39,0,0,0,0,0,0,0,0,1,1,1,0,6,6,0,0
40,40,39,41,39,40,0,0,0,0,0,0,0,0,1,1,1,0,6,6,0,0
41,41,40,42,40,41,0,0,0,0,0,0,0,0,1,1,1,0,6,6,0,0
42,42,41,43,41,42,0,0,0,0,0,0,0,0,1,1,1,0,6,6,0,0
43,43,42,44,42,43,0,0,0,0,0,0,0,0,1,1,1,0,6,6,0,0
44,44,43,45,43,44,0,0,0,0,0,0,0,0,1,1,1,0,6,6,0,0
45,45,44,46,44,45,0,0,0,0,0,0,0,0,1,1,1,0,6,6,0,0
46,46,45,47,45,46,0,0,0,0,0,0,0,0,1,1,1,0,6,6,0,0
47,47,46,48,46,47,0,0,0,0,0,0,0,0,1,1,1,0,6,6,0,0
48,48,47,49,47,48,0,0,0,0,0,0,0,0,1,1,1,0,6,6,0,0
49,49,48,50,48,49,0,0,0,0,0,0,0,0,1,1,1,0,6,6,0,0
50,50,49,51,49,50,0,0,0,0,0,0,0,0,1,1,1,0,6,6,0,0
51,51,50,52,50,51,0,0,0,0,0,0,0,0,1,1,1,0,6,6,0,0
52,52,51,53,51,52,0,0,0,0,0,0,0,0,1,1,1,0,6,6,0,0
53,53,52,54,52,53,0,0,0,0,0,0,0,0,1,1,1,0,6,6,0,0
54,54,53,55,53,54,0,0,0,0,0,0,0,0,1,1,1,0,6,6,0,0
55,55,54,56,54,55,0,0,0,0,0,0,0,0,1,1,1,0,6,6,0,0
56,56,55,57,55,56,0,0,0,0,0,0,0,0,1,1,1,0,6,6,0,0
57,57,56,58,56,57,0,0,0,0,0,0,0,0,1,1,1,0,6,6,0,0
58,58,57,59,57,58,0,0,0,0,0,0,0,0,1,1,1,0,6,6,0,0
59,59,58,60,58,59,0,0,0,0,0,0,0,0,1,1,1,0,6,6,0,0
60,60,59,61,59,60,0,0,0,0,0,0,0,0,1,1,1,0,6,6,0,0
61,61,60,62,60,61,0,0,0,0,0,0,0,0,1,1,1,0,6,6,0,0
62,62,61,63,61,62,0,0,0,0,0,0,0,0,1,1,1,0,6,6,0,0
63,63,62,64,62,63,0,0,0,0,0,0,0,0,1,1,1,0,6,6,0,0
64,64,63,65,63,64,0,0,0,0,0,0,0,0,1,1,1,0,6,6,0,0
65,65,64,66,64,65,0,0,0,0,0,0,0,0,1,1,1,0,6,6,0,0
66,66,65,67,65,66,0,0,0,0,0,0,0,0,1,1,1,0,6,6,0,0
67,67,66,68,66,67,0,0,0,0,0,0,0,0,1,1,1,0,6,6,0,0
68,68,67,69,67,68,0,0,0,0,0,0,0,0,1,1,1,0,6,6,0,0
69,69,68,70,68,69,0,0,0,0,0,0,0,0,1,1,1,0,6,6,0,0
70,70,69,71,69,70,0,0,0,0,0,0,0,0,1,1,1,0,6,6,0,0
71,71,70,72,70,71,0,0,0,0,0,0,0,0,1,1,1,0,6,6,0,0
72,72,71,73,71,72,0,0,0,0,0,0,0,0,1,1,1,0,6,6,0,0
73,73,72,74,72,73,0,0,0,0,0,0,0,0,1,1,1,0,6,6,0,0
74,74,73,75,73,74,0,0,0,0,0,0,0,0,1,1,1,0,6,6,0,0
75,75,74,76,74,75,0,0,0,0,0,0,0,0,1,1,1,0,6,6,0,0
76,76,75,77,75,76,0,0,0,0,0,0,0,0,1,1,1,0,6,6,0,0
77,77,76,78,76,77,0,0,0,0,0,0,0,0,1,1,1,0,6,6,0,0
78,78,77,79,77,78,0,0,0,0,0,0,0,0,1,1,1,0,6,6,0,0
79,79,78,80,78,79,0,0,0,0,0,0,0,0,1,1,1,0,6,6,0,0
80,80,79,81,79,80,0,0,0,0,0,0,0,0,1,1,1,0,6,6,0,0
81,81,80,82,80,81,0,0,0,0,0,0,0,0,1,1,1,0,6,6,0,0
82,82,81,83,81,82,0,0,0,0,0,0,0,0,1,1,1,0,6,6,0,0
83,83,82,84,82,83,0,0,0,0,0,0,0,0,1,1,1,0,6,6,0,0
84,84,83,85,83,84,0,0,0,0,0,0,0,0,1,1,1,0,6,6,0,0
85,85,84,86,84,85,0,0,0,0,0,0,0,0,1,1,1,0,6,6,0,0
86,86,85,87,85,86,0,0,0,0,0,0,0,0,1,1,1,0,6,6,0,0
87,87,86,88,86,87,0,0,0,0,0,0,0,0,1,1,1,0,6,6,0,0
88,88,87,89,87,88,0,0,0,0,0,0,0,0,1,1,1,0,6,6,0,0
89,89,88,90,88,89,0,0,0,0,0,0,0,0,1,1,1,0,6,6,0,0
90,90,89,91,89,90,0,0,0,0,0,0,0,0,1,1,1,0,6,6,0,0
91,91,90,92,90,91,0,0,0,0,0,0,0,0,1,1,1,0,6,6,0,0
92,92,91,93,91,92,0,0,0,0,0,0,0,0,1,1,1,0,6,6,0,0
93,93,92,94,92,93,0,0,0,0,0,0,0,0,1,1,1,0,6,6,0,0
94,94,93,95,93,94,0,0,0,0,0,0,0,0,1,1,1,0,6,6,0,0
95,95,94,96,94,95,0,0,0,0,0,0,0,0,1,1,1,0,6,6,0,0
96,96,95,97,95,96,0,0,0,0,0,0,0,0,1,1,1,0,6,6,0,0
97,97,96,98,96,97,0,0,0,0,0,0,0,0,1,1,1,0,6,6,0,0
98,98,97,99,97,98,0,0,0,0,0,0,0,0,1,1,1,0,6,6,0,0
99,99,98,100,98,99,0,0,0,0,0,0,0,0,1,1,1,0,6,6,0,0
100,100,99,101,99,100,0,0,0,0,0,0,0,0,1,1,1,0,6,6,0,0
101,101,100,102,100,101,0,0,0,0,0,0,0,0,1,1,1,0,6,6,0,0
102,102,101,103,101,102,0,0,0,0,0,0,0,0,1,1,1,0,6,6,0,0
103,103,102,104,102,103,0,0,0,0,0,0,0,0,1,1,1,0,6,6,0,0
104,104,103,105,103,104,0,0,0,0,0,0,0,0,1,1,1,0,6,6,0,0
105,105,104,106,104,105,0,0,0,0,0,0,0,0,1,1,1,0,6,6,0,0
106,106,105,107,105,106,0,0,0,0,0,0,0,0,1,1,1,0,6,6,0,0
107,107,106,108,106,107,0,0,0,0,0,0,0,0,1,1,1,0,6,6,0,0
108,108,107,109,107,108,0,0,0,0,0,0,0,0,1,1,1,0,6,6,0,0
109,109,108,110,108,109,0,0,0,0,0,0,0,0,1,1,1,0,6,6,0,0
110,110,109,111,109,110,0,0,0,0,0,0,0,0,1,1,1,0,6,6,0,0
111,111,110,112,110,111,0,0,0,0,0,0,0,0,1,1,1,0,6,6,0,0
112,112,111,113,111,112,0,0,0,0,0,0,0,0,1,1,1,0,6,6,0,0
113,113,112,114,112,113,0,0,0,0,0,0,0,0,1,1,1,0,6,6,0,0
114,114,113,115,113,114,0,0,0,0,0,0,0,0,1,1,1,0,6,6,0,0
115,115,114,116,114,115,0,0,0,0,0,0,0,0,1,1,1,0,6,6,0,0
116,116,115,117,115,116,0,0,0,0,0,0,0,0,1,1,1,0,6,6,0,0
117,117,116,118,116,117,0,0,0,0,0,0,0,0,1,1,1,0,6,6,0,0
118,118,117,119,117,118,0,0,0,0,0,0,0,0,1,1,1,0,6,6,0,0
119,119,118,120,118,119,0,0,0,0,0,0,0,0,1,1,1,0,6,6,0,0
120,120,119,1079,119,120,1,0,0,0,1127,1194,0,0,1,1,1,0,6,6,0,0
121,121,0,122,120,121,0,0,0,0,0,0,0,0,1,1,1,0,6,6,0,0
122,122,121,123,121,122,0,0,0,0,0,0,0,0,1,1,1,0,6,6,0,0
123,123,122,124,122,123,0,0,0,0,0,0,0,0,1,1,1,0,6,6,0,0
124,124,123,125,123,124,0,0,0,0,0,0,0,0,1,1,1,0,6,6,0,0
125,125,124,126,124,125,0,0,0,0,0,0,0,0,1,1,1,0,6,6,0,0
126,126,125,127,125,126,0,0,0,0,0,0,0,0,1,1,1,0,6,6,0,0
127,127,126,128,126,127,0,0,0,0,0,0,0,0,1,1,1,0,6,6,0,0
128,128,127,129,127,128,0,0,0,0,0,0,0,0,1,1,1,0,6,6,0,0
129,129,128,130,128,129,0,0,0,0,0,0,0,0,1,1,1,0,6,6,0,0
130,130,129,131,129,130,0,0,0,0,0,0,0,0,1,1,1,0,6,6,0,0
131,131,130,132,130,131,0,0,0,0,0,0,0,0,1,1,1,0,6,6,0,0
132,132,131,133,131,132,0,0,0,0,0,0,0,0,1,1,1,0,6,6,0,0
133,133,132,134,132,133,0,0,0,0,0,0,0,0,1,1,1,0,6,6,0,0
134,134,133,135,133,134,0,0,0,0,0,0,0,0,1,1,1,0,6,6,0,0
135,135,134,136,134,135,0,0,0,0,0,0,0,0,1,1,1,0,6,6,0,0
136,136,135,1103,135,136,1,0,0,0,1155,1187,0,0,1,1,1,0,6,6,0,0
137,137,1126,138,136,137,0,1154,1206,0,0,0,0,0,1,1,1,0,6,6,0,0
138,138,137,139,137,138,0,0,0,0,0,0,0,0,1,1,1,0,6,6,0,0
139,139,138,140,138,139,0,0,0,0,0,0,0,0,1,1,1,0,6,6,0,0
140,140,139,141,139,140,0,0,0,0,0,0,0,0,1,1,1,0,6,6,0,0
141,141,140,142,140,141,0,0,0,0,0,0,0,0,1,1,1,0,6,6,0,0
142,142,141,143,141,142,0,0,0,0,0,0,0,0,1,1,1,0,6,6,0,0
143,143,142,144,142,143,0,0,0,0,0,0,0,0,1,1,1,0,6,6,0,0
144,144,143,145,143,144,0,0,0,0,0,0,0,0,1,1,1,0,6,6,0,0
145,145,144,146,144,145,0,0,0,0,0,0,0,0,1,1,1,0,6,6,0,0
146,146,145,147,145,146,0,0,0,0,0,0,0,0,1,1,1,0,6,6,0,0
147,147,146,148,146,147,0,0,0,0,0,0,0,0,1,1,1,0,6,6,0,0
148,148,147,149,147,148,0,0,0,0,0,0,0,0,1,1,1,0,6,6,0,0
149,149,148,150,148,149,0,0,0,0,0,0,0,0,1,1,1,0,6,6,0,0
150,150,149,151,149,150,0,0,0,0,0,0,0,0,1,1,1,0,6,6,0,0
151,151,150,0,150,151,0,0,0,0,0,0,0,0,1,1,1,0,6,6,0,0
152,152,1090,153,151,152,0,1166,1173,0,0,0,0,0,1,1,1,0,6,6,0,0
153,153,152,154,152,153,0,0,0,0,0,0,0,0,1,1,1,0,6,6,0,0
154,154,153,155,153,154,0,0,0,0,0,0,0,0,1,1,1,0,6,6,0,0
155,155,154,156,154,155,0,0,0,0,0,0,0,0,1,1,1,0,6,6,0,0
156,156,155,157,155,156,0,0,0,0,0,0,0,0,1,1,1,0,6,6,0,0
157,157,156,158,156,157,0,0,0,0,0,0,0,0,1,1,1,0,6,6,0,0
158,158,157,159,157,158,0,0,0,0,0,0,0,0,1,1,1,0,6,6,0,0
159,159,158,160,158,159,0,0,0,0,0,0,0,0,1,1,1,0,6,6,0,0
160,160,159,161,159,160,0,0,0,0,0,0,0,0,1,1,1,0,6,6,0,0
161,161,160,162,160,161,0,0,0,0,0,0,0,0,1,1,1,0,6,6,0,0
162,162,161,163,161,162,0,0,0,0,0,0,0,0,1,1,1,0,6,6,0,0
163,163,162,164,162,163,0,0,0,0,0,0,0,0,1,1,1,0,6,6,0,0
164,164,163,165,163,164,0,0,0,0,0,0,0,0,1,1,1,0,6,6,0,0
165,165,164,166,164,165,0,0,0,0,0,0,0,0,1,1,1,0,6,6,0,0
166,166,165,167,165,166,0,0,0,0,0,0,0,0,1,1,1,0,6,6,0,0
167,167,166,168,166,167,0,0,0,0,0,0,0,0,1,1,1,0,6,6,0,0
168,168,167,169,167,168,0,0,0,0,0,0,0,0,1,1,1,0,6,6,0,0
169,169,168,170,168,169,0,0,0,0,0,0,0,0,1,1,1,0,6,6,0,0
170,170,169,171,169,170,0,0,0,0,0,0,0,0,1,1,1,0,6,6,0,0
171,171,170,172,170,171,0,0,0,0,0,0,0,0,1,1,1,0,6,6,0,0
172,172,171,173,171,172,0,0,0,0,0,0,0,0,1,1,1,0,6,6,0,0
173,173,172,174,172,173,0,0,0,0,0,0,0,0,1,1,1,0,6,6,0,0
174,174,173,175,173,174,0,0,0,0,0,0,0,0,1,1,1,0,6,6,0,0
175,175,174,176,174,175,0,0,0,0,0,0,0,0,1,1,1,0,6,6,0,0
176,176,175,177,175,176,0,0,0,0,0,0,0,0,1,1,1,0,6,6,0,0
177,177,176,178,176,177,0,0,0,0,0,0,0,0,1,1,1,0,6,6,0,0
178,178,177,179,177,178,0,0,0,0,0,0,0,0,1,1,1,0,6,6,0,0
179,179,178,180,178,179,0,0,0,0,0,0,0,0,1,1,1,0,6,6,0,0
180,180,179,181,179,180,0,0,0,0,0,0,0,0,1,1,1,0,6,6,0,0
181,181,180,182,180,181,0,0,0,0,0,0,0,0,1,1,1,0,6,6,0,0
182,182,181,183,181,182,0,0,0,0,0,0,0,0,1,1,1,0,6,6,0,0
183,183,182,184,182,183,0,0,0,0,0,0,0,0,1,1,1,0,6,6,0,0
184,184,183,185,183,184,0,0,0,0,0,0,0,0,1,1,1,0,6,6,0,0
185,185,184,186,184,185,0,0,0,0,0,0,0,0,1,1,1,0,6,6,0,0
186,186,185,187,185,186,0,0,0,0,0,0,0,0,1,1,1,0,6,6,0,0
187,187,186,188,186,187,0,0,0,0,0,0,0,0,1,1,1,0,6,6,0,0
188,188,187,189,187,188,0,0,0,0,0,0,0,0,1,1,1,0,6,6,0,0
189,189,188,190,188,189,0,0,0,0,0,0,0,0,1,1,1,0,6,6,0,0
190,190,189,191,189,190,0,0,0,0,0,0,0,0,1,1,1,0,6,6,0,0
191,191,190,192,190,191,0,0,0,0,0,0,0,0,1,1,1,0,6,6,0,0
192,192,191,193,191,192,0,0,0,0,0,0,0,0,1,1,1,0,6,6,0,0
193,193,192,194,192,193,0,0,0,0,0,0,0,0,1,1,1,0,6,6,0,0
194,194,193,195,193,194,0,0,0,0,0,0,0,0,1,1,1,0,6,6,0,0
195,195,194,196,194,195,0,0,0,0,0,0,0,0,1,1,1,0,6,6,0,0
196,196,195,197,195,196,0,0,0,0,0,0,0,0,1,1,1,0,6,6,0,0
197,197,196,198,196,197,0,0,0,0,0,0,0,0,1,1,1,0,6,6,0,0
198,198,197,199,197,198,0,0,0,0,0,0,0,0,1,1,1,0,6,6,0,0
199,199,198,200,198,199,0,0,0,0,0,0,0,0,1,1,1,0,6,6,0,0
200,200,199,201,199,200,0,0,0,0,0,0,0,0,1,1,1,0,6,6,0,0
201,201,200,202,200,201,0,0,0,0,0,0,0,0,1,1,1,0,6,6,0,0
202,202,201,203,201,202,0,0,0,0,0,0,0,0,1,1,1,0,6,6,0,0
203,203,202,204,202,203,0,0,0,0,0,0,0,0,1,1,1,0,6,6,0,0
204,204,203,205,203,204,0,0,0,0,0,0,0,0,1,1,1,0,6,6,0,0
205,205,204,206,204,205,0,0,0,0,0,0,0,0,1,1,1,0,6,6,0,0
206,206,205,207,205,206,0,0,0,0,0,0,0,0,1,1,1,0,6,6,0,0
207,207,206,208,206,207,0,0,0,0,0,0,0,0,1,1,1,0,6,6,0,0
208,208,207,209,207,208,0,0,0,0,0,0,0,0,1,1,1,0,6,6,0,0
209,209,208,210,208,209,0,0,0,0,0,0,0,0,1,1,1,0,6,6,0,0
210,210,209,211,209,210,0,0,0,0,0,0,0,0,1,1,1,0,6,6,0,0
211,211,210,212,210,211,0,0,0,0,0,0,0,0,1,1,1,0,6,6,0,0
212,212,211,213,211,212,0,0,0,0,0,0,0,0,1,1,1,0,6,6,0,0
213,213,212,214,212,213,0,0,0,0,0,0,0,0,1,1,1,0,6,6,0,0
214,214,213,215,213,214,0,0,0,0,0,0,0,0,1,1,1,0,6,6,0,0
215,215,214,216,214,215,0,0,0,0,0,0,0,0,1,1,1,0,6,6,0,0
216,216,215,217,215,216,0,0,0,0,0,0,0,0,1,1,1,0,6,6,0,0
217,217,216,218,216,217,0,0,0,0,0,0,0,0,1,1,1,0,6,6,0,0
218,218,217,219,217,218,0,0,0,0,0,0,0,0,1,1,1,0,6,6,0,0
219,219,218,220,218,219,0,0,0,0,0,0,0,0,1,1,1,0,6,6,0,0
220,220,219,221,219,220,0,0,0,0,0,0,0,0,1,1,1,0,6,6,0,0
221,221,220,222,220,221,0,0,0,0,0,0,0,0,1,1,1,0,6,6,0,0
222,222,221,223,221,222,0,0,0,0,0,0,0,0,1,1,1,0,6,6,0,0
223,223,222,224,222,223,0,0,0,0,0,0,0,0,1,1,1,0,6,6,0,0
224,224,223,225,223,224,0,0,0,0,0,0,0,0,1,1,1,0,6,6,0,0
225,225,224,226,224,225,0,0,0,0,0,0,0,0,1,1,1,0,6,6,0,0
226,226,225,227,225,226,0,0,0,0,0,0,0,0,1,1,1,0,6,6,0,0
227,227,226,228,226,227,0,0,0,0,0,0,0,0,1,1,1,0,6,6,0,0
228,228,227,229,227,228,0,0,0,0,0,0,0,0,1,1,1,0,6,6,0,0
229,229,228,230,228,229,0,0,0,0,0,0,0,0,1,1,1,0,6,6,0,0
230,230,229,231,229,230,0,0,0,0,0,0,0,0,1,1,1,0,6,6,0,0
231,231,230,232,230,231,0,0,0,0,0,0,0,0,1,1,1,0,6,6,0,0
232,232,231,233,231,232,0,0,0,0,0,0,0,0,1,1,1,0,6,6,0,0
233,233,232,234,232,233,0,0,0,0,0,0,0,0,1,1,1,0,6,6,0,0
234,234,233,235,233,234,0,0,0,0,0,0,0,0,1,1,1,0,6,6,0,0
235,235,234,236,234,235,0,0,0,0,0,0,0,0,1,1,1,0,6,6,0,0
236,236,235,237,235,236,0,0,0,0,0,0,0,0,1,1,1,0,6,6,0,0
237,237,236,238,236,237,0,0,0,0,0,0,0,0,1,1,1,0,6,6,0,0
238,238,237,239,237,238,0,0,0,0,0,0,0,0,1,1,1,0,6,6,0,0
239,239,238,240,238,239,0,0,0,0,0,0,0,0,1,1,1,0,6,6,0,0
240,240,239,241,239,240,0,0,0,0,0,0,0,0,1,1,1,0,6,6,0,0
241,241,240,242,240,241,0,0,0,0,0,0,0,0,1,1,1,0,6,6,0,0
242,242,241,243,241,242,0,0,0,0,0,0,0,0,1,1,1,0,6,6,0,0
243,243,242,244,242,243,0,0,0,0,0,0,0,0,1,1,1,0,6,6,0,0
244,244,243,245,243,244,0,0,0,0,0,0,0,0,1,1,1,0,6,6,0,0
245,245,244,246,244,245,0,0,0,0,0,0,0,0,1,1,1,0,6,6,0,0
246,246,245,247,245,246,0,0,0,0,0,0,0,0,1,1,1,0,6,6,0,0
247,247,246,248,246,247,0,0,0,0,0,0,0,0,1,1,1,0,6,6,0,0
248,248,247,249,247,248,0,0,0,0,0,0,0,0,1,1,1,0,6,6,0,0
249,249,248,250,248,249,0,0,0,0,0,0,0,0,1,1,1,0,6,6,0,0
250,250,249,251,249,250,0,0,0,0,0,0,0,0,1,1,1,0,6,6,0,0
251,251,250,252,250,251,0,0,0,0,0,0,0,0,1,1,1,0,6,6,0,0
252,252,251,253,251,252,0,0,0,0,0,0,0,0,1,1,1,0,6,6,0,0
253,253,252,254,252,253,0,0,0,0,0,0,0,0,1,1,1,0,6,6,0,0
254,254,253,255,253,254,0,0,0,0,0,0,0,0,1,1,1,0,6,6,0,0
255,255,254,256,254,255,0,0,0,0,0,0,0,0,1,1,1,0,6,6,0,0
256,256,255,257,255,256,0,0,0,0,0,0,0,0,1,1,1,0,6,6,0,0
257,257,256,258,256,257,0,0,0,0,0,0,0,0,1,1,1,0,6,6,0,0
258,258,257,259,257,258,0,0,0,0,0,0,0,0,1,1,1,0,6,6,0,0
259,259,258,260,258,259,0,0,0,0,0,0,0,0,1,1,1,0,6,6,0,0
260,260,259,261,259,260,0,0,0,0,0,0,0,0,1,1,1,0,6,6,0,0
261,261,260,262,260,261,0,0,0,0,0,0,0,0,1,1,1,0,6,6,0,0
262,262,261,1207,261,262,1,0,0,0,1238,0,0,0,1,1,1,0,6,6,0,0
263,263,1229,264,262,263,0,1237,0,0,0,0,0,0,1,1,1,0,6,6,0,0
264,264,263,265,263,264,0,0,0,0,0,0,0,0,1,1,1,0,6,6,0,0
265,265,264,266,264,265,0,0,0,0,0,0,0,0,1,1,1,0,6,6,0,0
266,266,265,267,265,266,0,0,0,0,0,0,0,0,1,1,1,0,6,6,0,0
267,267,266,268,266,267,0,0,0,0,0,0,0,0,1,1,1,0,6,6,0,0
268,268,267,269,267,268,0,0,0,0,0,0,0,0,1,1,1,0,6,6,0,0
269,269,268,270,268,269,0,0,0,0,0,0,0,0,1,1,1,0,6,6,0,0
270,270,269,271,269,270,0,0,0,0,0,0,0,0,1,1,1,0,6,6,0,0
271,271,270,272,270,271,0,0,0,0,0,0,0,0,1,1,1,0,6,6,0,0
272,272,271,273,271,272,0,0,0,0,0,0,0,0,1,1,1,0,6,6,0,0
273,273,272,274,272,273,0,0,0,0,0,0,0,0,1,1,1,0,6,6,0,0
274,274,273,275,273,274,0,0,0,0,0,0,0,0,1,1,1,0,6,6,0,0
275,275,274,276,274,275,0,0,0,0,0,0,0,0,1,1,1,0,6,6,0,0
276,276,275,277,275,276,0,0,0,0,0,0,0,0,1,1,1,0,6,6,0,0
277,277,276,278,276,277,0,0,0,0,0,0,0,0,1,1,1,0,6,6,0,0
278,278,277,279,277,278,0,0,0,0,0,0,0,0,1,1,1,0,6,6,0,0
279,279,278,280,278,279,0,0,0,0,0,0,0,0,1,1,1,0,6,6,0,0
280,280,279,281,279,280,0,0,0,0,0,0,0,0,1,1,1,0,6,6,0,0
281,281,280,282,280,281,0,0,0,0,0,0,0,0,1,1,1,0,6,6,0,0
282,282,281,283,281,282,0,0,0,0,0,0,0,0,1,1,1,0,6,6,0,0
283,283,282,284,282,283,0,0,0,0,0,0,0,0,1,1,1,0,6,6,0,0
284,284,283,285,283,284,0,0,0,0,0,0,0,0,1,1,1,0,6,6,0,0
285,285,284,286,284,285,0,0,0,0,0,0,0,0,1,1,1,0,6,6,0,0
286,286,285,287,285,286,0,0,0,0,0,0,0,0,1,1,1,0,6,6,0,0
287,287,286,288,286,287,0,0,0,0,0,0,0,0,1,1,1,0,6,6,0,0
288,288,287,289,287,288,0,0,0,0,0,0,0,0,1,1,1,0,6,6,0,0
289,289,288,290,288,289,0,0,0,0,0,0,0,0,1,1,1,0,6,6,0,0
290,290,289,291,289,290,0,0,0,0,0,0,0,0,1,1,1,0,6,6,0,0
291,291,290,292,290,291,0,0,0,0,0,0,0,0,1,1,1,0,6,6,0,0
292,292,291,293,291,292,0,0,0,0,0,0,0,0,1,1,1,0,6,6,0,0
293,293,292,294,292,293,0,0,0,0,0,0,0,0,1,1,1,0,6,6,0,0
294,294,293,295,293,294,0,0,0,0,0,0,0,0,1,1,1,0,6,6,0,0
295,295,294,296,294,295,0,0,0,0,0,0,0,0,1,1,1,0,6,6,0,0
296,296,295,297,295,296,0,0,0,0,0,0,0,0,1,1,1,0,6,6,0,0
297,297,296,298,296,297,0,0,0,0,0,0,0,0,1,1,1,0,6,6,0,0
298,298,297,299,297,298,0,0,0,0,0,0,0,0,1,1,1,0,6,6,0,0
299,299,298,300,298,299,0,0,0,0,0,0,0,0,1,1,1,0,6,6,0,0
300,300,299,301,299,300,0,0,0,0,0,0,0,0,1,1,1,0,6,6,0,0
301,301,300,302,300,301,0,0,0,0,0,0,0,0,1,1,1,0,6,6,0,0
302,302,301,303,301,302,0,0,0,0,0,0,0,0,1,1,1,0,6,6,0,0
303,303,302,304,302,303,0,0,0,0,0,0,0,0,1,1,1,0,6,6,0,0
304,304,303,305,303,304,0,0,0,0,0,0,0,0,1,1,1,0,6,6,0,0
305,305,304,306,304,305,0,0,0,0,0,0,0,0,1,1,1,0,6,6,0,0
306,306,305,307,305,306,0,0,0,0,0,0,0,0,1,1,1,0,6,6,0,0
307,307,306,308,306,307,0,0,0,0,0,0,0,0,1,1,1,0,6,6,0,0
308,308,307,309,307,308,0,0,0,0,0,0,0,0,1,1,1,0,6,6,0,0
309,309,308,310,308,309,0,0,0,0,0,0,0,0,1,1,1,0,6,6,0,0
310,310,309,311,309,310,0,0,0,0,0,0,0,0,1,1,1,0,6,6,0,0
311,311,310,312,310,311,0,0,0,0,0,0,0,0,1,1,1,0,6,6,0,0
312,312,311,313,311,312,0,0,0,0,0,0,0,0,1,1,1,0,6,6,0,0
313,313,312,314,312,313,0,0,0,0,0,0,0,0,1,1,1,0,6,6,0,0
314,314,313,315,313,314,0,0,0,0,0,0,0,0,1,1,1,0,6,6,0,0
315,315,314,316,314,315,0,0,0,0,0,0,0,0,1,1,1,0,6,6,0,0
316,316,315,317,315,316,0,0,0,0,0,0,0,0,1,1,1,0,6,6,0,0
317,317,316,318,316,317,0,0,0,0,0,0,0,0,1,1,1,0,6,6,0,0
318,318,317,319,317,318,0,0,0,0,0,0,0,0,1,1,1,0,6,6,0,0
319,319,318,320,318,319,0,0,0,0,0,0,0,0,1,1,1,0,6,6,0,0
320,320,319,321,319,320,0,0,0,0,0,0,0,0,1,1,1,0,6,6,0,0
321,321,320,322,320,321,0,0,0,0,0,0,0,0,1,1,1,0,6,6,0,0
322,322,321,323,321,322,0,0,0,0,0,0,0,0,1,1,1,0,6,6,0,0
323,323,322,324,322,323,0,0,0,0,0,0,0,0,1,1,1,0,6,6,0,0
324,324,323,325,323,324,0,0,0,0,0,0,0,0,1,1,1,0,6,6,0,0
325,325,324,326,324,325,0,0,0,0,0,0,0,0,1,1,1,0,6,6,0,0
326,326,325,327,325,326,0,0,0,0,0,0,0,0,1,1,1,0,6,6,0,0
327,327,326,328,326,327,0,0,0,0,0,0,0,0,1,1,1,0,6,6,0,0
328,328,327,329,327,328,0,0,0,0,0,0,0,0,1,1,1,0,6,6,0,0
329,329,328,330,328,329,0,0,0,0,0,0,0,0,1,1,1,0,6,6,0,0
330,330,329,331,329,330,0,0,0,0,0,0,0,0,1,1,1,0,6,6,0,0
331,331,330,332,330,331,0,0,0,0,0,0,0,0,1,1,1,0,6,6,0,0
332,332,331,333,331,332,0,0,0,0,0,0,0,0,1,1,1,0,6,6,0,0
333,333,332,334,332,333,0,0,0,0,0,0,0,0,1,1,1,0,6,6,0,0
334,334,333,335,333,334,0,0,0,0,0,0,0,0,1,1,1,0,6,6,0,0
335,335,334,336,334,335,0,0,0,0,0,0,0,0,1,1,1,0,6,6,0,0
336,336,335,337,335,336,0,0,0,0,0,0,0,0,1,1,1,0,6,6,0,0
337,337,336,338,336,337,0,0,0,0,0,0,0,0,1,1,1,0,6,6,0,0
338,338,337,339,337,338,0,0,0,0,0,0,0,0,1,1,1,0,6,6,0,0
339,339,338,340,338,339,0,0,0,0,0,0,0,0,1,1,1,0,6,6,0,0
340,340,339,341,339,340,0,0,0,0,0,0,0,0,1,1,1,0,6,6,0,0
341,341,340,342,340,341,0,0,0,0,0,0,0,0,1,1,1,0,6,6,0,0
342,342,341,343,341,342,0,0,0,0,0,0,0,0,1,1,1,0,6,6,0,0
343,343,342,344,342,343,0,0,0,0,0,0,0,0,1,1,1,0,6,6,0,0
344,344,343,345,343,344,0,0,0,0,0,0,0,0,1,1,1,0,6,6,0,0
345,345,344,346,344,345,0,0,0,0,0,0,0,0,1,1,1,0,6,6,0,0
346,346,345,347,345,346,0,0,0,0,0,0,0,0,1,1,1,0,6,6,0,0
347,347,346,348,346,347,0,0,0,0,0,0,0,0,1,1,1,0,6,6,0,0
348,348,347,349,347,348,0,0,0,0,0,0,0,0,1,1,1,0,6,6,0,0
349,349,348,350,348,349,0,0,0,0,0,0,0,0,1,1,1,0,6,6,0,0
350,350,349,351,349,350,0,0,0,0,0,0,0,0,1,1,1,0,6,6,0,0
351,351,350,352,350,351,0,0,0,0,0,0,0,0,1,1,1,0,6,6,0,0
352,352,351,353,351,352,0,0,0,0,0,0,0,0,1,1,1,0,6,6,0,0
353,353,352,354,352,353,0,0,0,0,0,0,0,0,1,1,1,0,6,6,0,0
354,354,353,355,353,354,0,0,0,0,0,0,0,0,1,1,1,0,6,6,0,0
355,355,354,356,354,355,0,0,0,0,0,0,0,0,1,1,1,0,6,6,0,0
356,356,355,357,355,356,0,0,0,0,0,0,0,0,1,1,1,0,6,6,0,0
357,357,356,358,356,357,0,0,0,0,0,0,0,0,1,1,1,0,6,6,0,0
358,358,357,359,357,358,0,0,0,0,0,0,0,0,1,1,1,0,6,6,0,0
359,359,358,360,358,359,0,0,0,0,0,0,0,0,1,1,1,0,6,6,0,0
360,360,359,361,359,360,0,0,0,0,0,0,0,0,1,1,1,0,6,6,0,0
361,361,360,362,360,361,0,0,0,0,0,0,0,0,1,1,1,0,6,6,0,0
362,362,361,363,361,362,0,0,0,0,0,0,0,0,1,1,1,0,6,6,0,0
363,363,362,364,362,363,0,0,0,0,0,0,0,0,1,1,1,0,6,6,0,0
364,364,363,365,363,364,0,0,0,0,0,0,0,0,1,1,1,0,6,6,0,0
365,365,364,366,364,365,0,0,0,0,0,0,0,0,1,1,1,0,6,6,0,0
366,366,365,367,365,366,0,0,0,0,0,0,0,0,1,1,1,0,6,6,0,0
367,367,366,368,366,367,0,0,0,0,0,0,0,0,1,1,1,0,6,6,0,0
368,368,367,369,367,368,0,0,0,0,0,0,0,0,1,1,1,0,6,6,0,0
369,369,368,370,368,369,0,0,0,0,0,0,0,0,1,1,1,0,6,6,0,0
370,370,369,371,369,370,0,0,0,0,0,0,0,0,1,1,1,0,6,6,0,0
371,371,370,372,370,371,0,0,0,0,0,0,0,0,1,1,1,0,6,6,0,0
372,372,371,373,371,372,0,0,0,0,0,0,0,0,1,1,1,0,6,6,0,0
373,373,372,374,372,373,0,0,0,0,0,0,0,0,1,1,1,0,6,6,0,0
374,374,373,375,373,374,0,0,0,0,0,0,0,0,1,1,1,0,6,6,0,0
375,375,374,376,374,375,0,0,0,0,0,0,0,0,1,1,1,0,6,6,0,0
376,376,375,377,375,376,0,0,0,0,0,0,0,0,1,1,1,0,6,6,0,0
377,377,376,1091,376,377,1,0,0,0,1148,1174,0,0,1,1,1,0,6,6,0,0
378,378,1250,379,377,378,0,1257,0,0,0,0,0,0,1,1,1,0,6,6,0,0
379,379,378,380,378,379,0,0,0,0,0,0,0,0,1,1,1,0,6,6,0,0
380,380,379,381,379,380,0,0,0,0,0,0,0,0,1,1,1,0,6,6,0,0
381,381,380,382,380,381,0,0,0,0,0,0,0,0,1,1,1,0,6,6,0,0
382,382,381,383,381,382,0,0,0,0,0,0,0,0,1,1,1,0,6,6,0,0
383,383,382,384,382,383,0,0,0,0,0,0,0,0,1,1,1,0,6,6,0,0
384,384,383,385,383,384,0,0,0,0,0,0,0,0,1,1,1,0,6,6,0,0
385,385,384,386,384,385,0,0,0,0,0,0,0,0,1,1,1,0,6,6,0,0
386,386,385,387,385,386,0,0,0,0,0,0,0,0,1,1,1,0,6,6,0,0
387,387,386,388,386,387,0,0,0,0,0,0,0,0,1,1,1,0,6,6,0,0
388,388,387,389,387,388,0,0,0,0,0,0,0,0,1,1,1,0,6,6,0,0
389,389,388,390,388,389,0,0,0,0,0,0,0,0,1,1,1,0,6,6,0,0
390,390,389,391,389,390,0,0,0,0,0,0,0,0,1,1,1,0,6,6,0,0
391,391,390,392,390,391,0,0,0,0,0,0,0,0,1,1,1,0,6,6,0,0
392,392,391,0,391,392,0,0,0,0,0,0,0,0,1,1,1,0,6,6,0,0
393,393,0,394,392,393,0,0,0,0,0,0,0,0,1,1,1,0,6,6,0,0
394,394,393,395,393,394,0,0,0,0,0,0,0,0,1,1,1,0,6,6,0,0
395,395,394,396,394,395,0,0,0,0,0,0,0,0,1,1,1,0,6,6,0,0
396,396,395,397,395,396,0,0,0,0,0,0,0,0,1,1,1,0,6,6,0,0
397,397,396,398,396,397,0,0,0,0,0,0,0,0,1,1,1,0,6,6,0,0
398,398,397,399,397,398,0,0,0,0,0,0,0,0,1,1,1,0,6,6,0,0
399,399,398,400,398,399,0,0,0,0,0,0,0,0,1,1,1,0,6,6,0,0
400,400,399,401,399,400,0,0,0,0,0,0,0,0,1,1,1,0,6,6,0,0
401,401,400,402,400,401,0,0,0,0,0,0,0,0,1,1,1,0,6,6,0,0
402,402,401,403,401,402,0,0,0,0,0,0,0,0,1,1,1,0,6,6,0,0
403,403,402,404,402,403,0,0,0,0,0,0,0,0,1,1,1,0,6,6,0,0
404,404,403,405,403,404,0,0,0,0,0,0,0,0,1,1,1,0,6,6,0,0
405,405,404,406,404,405,0,0,0,0,0,0,0,0,1,1,1,0,6,6,0,0
406,406,405,407,405,406,0,0,0,0,0,0,0,0,1,1,1,0,6,6,0,0
407,407,406,1230,406,407,1,0,0,0,1258,0,0,0,1,1,1,0,6,6,0,0
408,408,1217,409,407,408,0,1270,0,0,0,0,0,0,1,1,1,0,6,6,0,0
409,409,408,410,408,409,0,0,0,0,0,0,0,0,1,1,1,0,6,6,0,0
410,410,409,411,409,410,0,0,0,0,0,0,0,0,1,1,1,0,6,6,0,0
411,411,410,412,410,411,0,0,0,0,0,0,0,0,1,1,1,0,6,6,0,0
412,412,411,413,411,412,0,0,0,0,0,0,0,0,1,1,1,0,6,6,0,0
413,413,412,414,412,413,0,0,0,0,0,0,0,0,1,1,1,0,6,6,0,0
414,414,413,415,413,414,0,0,0,0,0,0,0,0,1,1,1,0,6,6,0,0
415,415,414,416,414,415,0,0,0,0,0,0,0,0,1,1,1,0,6,6,0,0
416,416,415,417,415,416,0,0,0,0,0,0,0,0,1,1,1,0,6,6,0,0
417,417,416,418,416,417,0,0,0,0,0,0,0,0,1,1,1,0,6,6,0,0
418,418,417,419,417,418,0,0,0,0,0,0,0,0,1,1,1,0,6,6,0,0
419,419,418,420,418,419,0,0,0,0,0,0,0,0,1,1,1,0,6,6,0,0
420,420,419,421,419,420,0,0,0,0,0,0,0,0,1,1,1,0,6,6,0,0
421,421,420,422,420,421,0,0,0,0,0,0,0,0,1,1,1,0,6,6,0,0
422,422,421,423,421,422,0,0,0,0,0,0,0,0,1,1,1,0,6,6,0,0
423,423,422,424,422,423,0,0,0,0,0,0,0,0,1,1,1,0,6,6,0,0
424,424,423,425,423,424,0,0,0,0,0,0,0,0,1,1,1,0,6,6,0,0
425,425,424,426,424,425,0,0,0,0,0,0,0,0,1,1,1,0,6,6,0,0
426,426,425,427,425,426,0,0,0,0,0,0,0,0,1,1,1,0,6,6,0,0
427,427,426,428,426,427,0,0,0,0,0,0,0,0,1,1,1,0,6,6,0,0
428,428,427,429,427,428,0,0,0,0,0,0,0,0,1,1,1,0,6,6,0,0
429,429,428,430,428,429,0,0,0,0,0,0,0,0,1,1,1,0,6,6,0,0
430,430,429,431,429,430,0,0,0,0,0,0,0,0,1,1,1,0,6,6,0,0
431,431,430,432,430,431,0,0,0,0,0,0,0,0,1,1,1,0,6,6,0,0
432,432,431,433,431,432,0,0,0,0,0,0,0,0,1,1,1,0,6,6,0,0
433,433,432,434,432,433,0,0,0,0,0,0,0,0,1,1,1,0,6,6,0,0
434,434,433,435,433,434,0,0,0,0,0,0,0,0,1,1,1,0,6,6,0,0
435,435,434,436,434,435,0,0,0,0,0,0,0,0,1,1,1,0,6,6,0,0
436,436,435,437,435,436,0,0,0,0,0,0,0,0,1,1,1,0,6,6,0,0
437,437,436,438,436,437,0,0,0,0,0,0,0,0,1,1,1,0,6,6,0,0
438,438,437,439,437,438,0,0,0,0,0,0,0,0,1,1,1,0,6,6,0,0
439,439,438,440,438,439,0,0,0,0,0,0,0,0,1,1,1,0,6,6,0,0
440,440,439,441,439,440,0,0,0,0,0,0,0,0,1,1,1,0,6,6,0,0
441,441,440,442,440,441,0,0,0,0,0,0,0,0,1,1,1,0,6,6,0,0
442,442,441,443,441,442,0,0,0,0,0,0,0,0,1,1,1,0,6,6,0,0
443,443,442,444,442,443,0,0,0,0,0,0,0,0,1,1,1,0,6,6,0,0
444,444,443,445,443,444,0,0,0,0,0,0,0,0,1,1,1,0,6,6,0,0
445,445,444,446,444,445,0,0,0,0,0,0,0,0,1,1,1,0,6,6,0,0
446,446,445,447,445,446,0,0,0,0,0,0,0,0,1,1,1,0,6,6,0,0
447,447,446,448,446,447,0,0,0,0,0,0,0,0,1,1,1,0,6,6,0,0
448,448,447,449,447,448,0,0,0,0,0,0,0,0,1,1,1,0,6,6,0,0
449,449,448,450,448,449,0,0,0,0,0,0,0,0,1,1,1,0,6,6,0,0
450,450,449,451,449,450,0,0,0,0,0,0,0,0,1,1,1,0,6,6,0,0
451,451,450,452,450,451,0,0,0,0,0,0,0,0,1,1,1,0,6,6,0,0
452,452,451,453,451,452,0,0,0,0,0,0,0,0,1,1,1,0,6,6,0,0
453,453,452,454,452,453,0,0,0,0,0,0,0,0,1,1,1,0,6,6,0,0
454,454,453,455,453,454,0,0,0,0,0,0,0,0,1,1,1,0,6,6,0,0
455,455,454,456,454,455,0,0,0,0,0,0,0,0,1,1,1,0,6,6,0,0
456,456,455,457,455,456,0,0,0,0,0,0,0,0,1,1,1,0,6,6,0,0
457,457,456,458,456,457,0,0,0,0,0,0,0,0,1,1,1,0,6,6,0,0
458,458,457,459,457,458,0,0,0,0,0,0,0,0,1,1,1,0,6,6,0,0
459,459,458,460,458,459,0,0,0,0,0,0,0,0,1,1,1,0,6,6,0,0
460,460,459,461,459,460,0,0,0,0,0,0,0,0,1,1,1,0,6,6,0,0
461,461,460,462,460,461,0,0,0,0,0,0,0,0,1,1,1,0,6,6,0,0
462,462,461,463,461,462,0,0,0,0,0,0,0,0,1,1,1,0,6,6,0,0
463,463,462,464,462,463,0,0,0,0,0,0,0,0,1,1,1,0,6,6,0,0
464,464,463,465,463,464,0,0,0,0,0,0,0,0,1,1,1,0,6,6,0,0
465,465,464,466,464,465,0,0,0,0,0,0,0,0,1,1,1,0,6,6,0,0
466,466,465,467,465,466,0,0,0,0,0,0,0,0,1,1,1,0,6,6,0,0
467,467,466,468,466,467,0,0,0,0,0,0,0,0,1,1,1,0,6,6,0,0
468,468,467,469,467,468,0,0,0,0,0,0,0,0,1,1,1,0,6,6,0,0
469,469,468,1271,468,469,1,0,0,0,1304,0,0,0,1,1,1,0,6,6,0,0
470,470,1303,471,469,470,0,1330,0,0,0,0,0,0,1,1,1,0,6,6,0,0
471,471,470,472,470,471,0,0,0,0,0,0,0,0,1,1,1,0,6,6,0,0
472,472,471,473,471,472,0,0,0,0,0,0,0,0,1,1,1,0,6,6,0,0
473,473,472,474,472,473,0,0,0,0,0,0,0,0,1,1,1,0,6,6,0,0
474,474,473,475,473,474,0,0,0,0,0,0,0,0,1,1,1,0,6,6,0,0
475,475,474,476,474,475,0,0,0,0,0,0,0,0,1,1,1,0,6,6,0,0
476,476,475,477,475,476,0,0,0,0,0,0,0,0,1,1,1,0,6,6,0,0
477,477,476,478,476,477,0,0,0,0,0,0,0,0,1,1,1,0,6,6,0,0
478,478,477,479,477,478,0,0,0,0,0,0,0,0,1,1,1,0,6,6,0,0
479,479,478,480,478,479,0,0,0,0,0,0,0,0,1,1,1,0,6,6,0,0
480,480,479,481,479,480,0,0,0,0,0,0,0,0,1,1,1,0,6,6,0,0
481,481,480,482,480,481,0,0,0,0,0,0,0,0,1,1,1,0,6,6,0,0
482,482,481,483,481,482,0,0,0,0,0,0,0,0,1,1,1,0,6,6,0,0
483,483,482,484,482,483,0,0,0,0,0,0,0,0,1,1,1,0,6,6,0,0
484,484,483,485,483,484,0,0,0,0,0,0,0,0,1,1,1,0,6,6,0,0
485,485,484,486,484,485,0,0,0,0,0,0,0,0,1,1,1,0,6,6,0,0
486,486,485,487,485,486,0,0,0,0,0,0,0,0,1,1,1,0,6,6,0,0
487,487,486,488,486,487,0,0,0,0,0,0,0,0,1,1,1,0,6,6,0,0
488,488,487,489,487,488,0,0,0,0,0,0,0,0,1,1,1,0,6,6,0,0
489,489,488,490,488,489,0,0,0,0,0,0,0,0,1,1,1,0,6,6,0,0
490,490,489,491,489,490,0,0,0,0,0,0,0,0,1,1,1,0,6,6,0,0
491,491,490,492,490,491,0,0,0,0,0,0,0,0,1,1,1,0,6,6,0,0
492,492,491,493,491,492,0,0,0,0,0,0,0,0,1,1,1,0,6,6,0,0
493,493,492,494,492,493,0,0,0,0,0,0,0,0,1,1,1,0,6,6,0,0
494,494,493,495,493,494,0,0,0,0,0,0,0,0,1,1,1,0,6,6,0,0
495,495,494,496,494,495,0,0,0,0,0,0,0,0,1,1,1,0,6,6,0,0
496,496,495,497,495,496,0,0,0,0,0,0,0,0,1,1,1,0,6,6,0,0
497,497,496,498,496,497,0,0,0,0,0,0,0,0,1,1,1,0,6,6,0,0
498,498,497,499,497,498,0,0,0,0,0,0,0,0,1,1,1,0,6,6,0,0
499,499,498,500,498,499,0,0,0,0,0,0,0,0,1,1,1,0,6,6,0,0
500,500,499,501,499,500,0,0,0,0,0,0,0,0,1,1,1,0,6,6,0,0
501,501,500,502,500,501,0,0,0,0,0,0,0,0,1,1,1,0,6,6,0,0
502,502,501,503,501,502,0,0,0,0,0,0,0,0,1,1,1,0,6,6,0,0
503,503,502,504,502,503,0,0,0,0,0,0,0,0,1,1,1,0,6,6,0,0
504,504,503,505,503,504,0,0,0,0,0,0,0,0,1,1,1,0,6,6,0,0
505,505,504,506,504,505,0,0,0,0,0,0,0,0,1,1,1,0,6,6,0,0
506,506,505,507,505,506,0,0,0,0,0,0,0,0,1,1,1,0,6,6,0,0
507,507,506,508,506,507,0,0,0,0,0,0,0,0,1,1,1,0,6,6,0,0
508,508,507,509,507,508,0,0,0,0,0,0,0,0,1,1,1,0,6,6,0,0
509,509,508,510,508,509,0,0,0,0,0,0,0,0,1,1,1,0,6,6,0,0
510,510,509,511,509,510,0,0,0,0,0,0,0,0,1,1,1,0,6,6,0,0
511,511,510,512,510,511,0,0,0,0,0,0,0,0,1,1,1,0,6,6,0,0
512,512,511,513,511,512,0,0,0,0,0,0,0,0,1,1,1,0,6,6,0,0
513,513,512,514,512,513,0,0,0,0,0,0,0,0,1,1,1,0,6,6,0,0
514,514,513,515,513,514,0,0,0,0,0,0,0,0,1,1,1,0,6,6,0,0
515,515,514,516,514,515,0,0,0,0,0,0,0,0,1,1,1,0,6,6,0,0
516,516,515,517,515,516,0,0,0,0,0,0,0,0,1,1,1,0,6,6,0,0
517,517,516,518,516,517,0,0,0,0,0,0,0,0,1,1,1,0,6,6,0,0
518,518,517,519,517,518,0,0,0,0,0,0,0,0,1,1,1,0,6,6,0,0
519,519,518,520,518,519,0,0,0,0,0,0,0,0,1,1,1,0,6,6,0,0
520,520,519,521,519,520,0,0,0,0,0,0,0,0,1,1,1,0,6,6,0,0
521,521,520,522,520,521,0,0,0,0,0,0,0,0,1,1,1,0,6,6,0,0
522,522,521,523,521,522,0,0,0,0,0,0,0,0,1,1,1,0,6,6,0,0
523,523,522,524,522,523,0,0,0,0,0,0,0,0,1,1,1,0,6,6,0,0
524,524,523,525,523,524,0,0,0,0,0,0,0,0,1,1,1,0,6,6,0,0
525,525,524,526,524,525,0,0,0,0,0,0,0,0,1,1,1,0,6,6,0,0
526,526,525,527,525,526,0,0,0,0,0,0,0,0,1,1,1,0,6,6,0,0
527,527,526,528,526,527,0,0,0,0,0,0,0,0,1,1,1,0,6,6,0,0
528,528,527,529,527,528,0,0,0,0,0,0,0,0,1,1,1,0,6,6,0,0
529,529,528,530,528,529,0,0,0,0,0,0,0,0,1,1,1,0,6,6,0,0
530,530,529,531,529,530,0,0,0,0,0,0,0,0,1,1,1,0,6,6,0,0
531,531,530,532,530,531,0,0,0,0,0,0,0,0,1,1,1,0,6,6,0,0
532,532,531,533,531,532,0,0,0,0,0,0,0,0,1,1,1,0,6,6,0,0
533,533,532,534,532,533,0,0,0,0,0,0,0,0,1,1,1,0,6,6,0,0
534,534,533,535,533,534,0,0,0,0,0,0,0,0,1,1,1,0,6,6,0,0
535,535,534,536,534,535,0,0,0,0,0,0,0,0,1,1,1,0,6,6,0,0
536,536,535,537,535,536,0,0,0,0,0,0,0,0,1,1,1,0,6,6,0,0
537,537,536,538,536,537,0,0,0,0,0,0,0,0,1,1,1,0,6,6,0,0
538,538,537,1218,537,538,1,0,0,0,1251,0,0,0,1,1,1,0,6,6,0,0
539,539,1313,540,538,539,0,1358,0,0,0,0,0,0,1,1,1,0,6,6,0,0
540,540,539,541,539,540,0,0,0,0,0,0,0,0,1,1,1,0,6,6,0,0
541,541,540,542,540,541,0,0,0,0,0,0,0,0,1,1,1,0,6,6,0,0
542,542,541,543,541,542,0,0,0,0,0,0,0,0,1,1,1,0,6,6,0,0
543,543,542,544,542,543,0,0,0,0,0,0,0,0,1,1,1,0,6,6,0,0
544,544,543,545,543,544,0,0,0,0,0,0,0,0,1,1,1,0,6,6,0,0
545,545,544,546,544,545,0,0,0,0,0,0,0,0,1,1,1,0,6,6,0,0
546,546,545,547,545,546,0,0,0,0,0,0,0,0,1,1,1,0,6,6,0,0
547,547,546,548,546,547,0,0,0,0,0,0,0,0,1,1,1,0,6,6,0,0
548,548,547,549,547,548,0,0,0,0,0,0,0,0,1,1,1,0,6,6,0,0
549,549,548,550,548,549,0,0,0,0,0,0,0,0,1,1,1,0,6,6,0,0
550,550,549,551,549,550,0,0,0,0,0,0,0,0,1,1,1,0,6,6,0,0
551,551,550,552,550,551,0,0,0,0,0,0,0,0,1,1,1,0,6,6,0,0
552,552,551,553,551,552,0,0,0,0,0,0,0,0,1,1,1,0,6,6,0,0
553,553,552,554,552,553,0,0,0,0,0,0,0,0,1,1,1,0,6,6,0,0
554,554,553,555,553,554,0,0,0,0,0,0,0,0,1,1,1,0,6,6,0,0
555,555,554,556,554,555,0,0,0,0,0,0,0,0,1,1,1,0,6,6,0,0
556,556,555,557,555,556,0,0,0,0,0,0,0,0,1,1,1,0,6,6,0,0
557,557,556,558,556,557,0,0,0,0,0,0,0,0,1,1,1,0,6,6,0,0
558,558,557,559,557,558,0,0,0,0,0,0,0,0,1,1,1,0,6,6,0,0
559,559,558,560,558,559,0,0,0,0,0,0,0,0,1,1,1,0,6,6,0,0
560,560,559,561,559,560,0,0,0,0,0,0,0,0,1,1,1,0,6,6,0,0
561,561,560,562,560,561,0,0,0,0,0,0,0,0,1,1,1,0,6,6,0,0
562,562,561,563,561,562,0,0,0,0,0,0,0,0,1,1,1,0,6,6,0,0
563,563,562,564,562,563,0,0,0,0,0,0,0,0,1,1,1,0,6,6,0,0
564,564,563,565,563,564,0,0,0,0,0,0,0,0,1,1,1,0,6,6,0,0
565,565,564,566,564,565,0,0,0,0,0,0,0,0,1,1,1,0,6,6,0,0
566,566,565,567,565,566,0,0,0,0,0,0,0,0,1,1,1,0,6,6,0,0
567,567,566,568,566,567,0,0,0,0,0,0,0,0,1,1,1,0,6,6,0,0
568,568,567,569,567,568,0,0,0,0,0,0,0,0,1,1,1,0,6,6,0,0
569,569,568,570,568,569,0,0,0,0,0,0,0,0,1,1,1,0,6,6,0,0
570,570,569,571,569,570,0,0,0,0,0,0,0,0,1,1,1,0,6,6,0,0
571,571,570,572,570,571,0,0,0,0,0,0,0,0,1,1,1,0,6,6,0,0
572,572,571,573,571,572,0,0,0,0,0,0,0,0,1,1,1,0,6,6,0,0
573,573,572,574,572,573,0,0,0,0,0,0,0,0,1,1,1,0,6,6,0,0
574,574,573,575,573,574,0,0,0,0,0,0,0,0,1,1,1,0,6,6,0,0
575,575,574,576,574,575,0,0,0,0,0,0,0,0,1,1,1,0,6,6,0,0
576,576,575,577,575,576,0,0,0,0,0,0,0,0,1,1,1,0,6,6,0,0
577,577,576,578,576,577,0,0,0,0,0,0,0,0,1,1,1,0,6,6,0,0
578,578,577,579,577,578,0,0,0,0,0,0,0,0,1,1,1,0,6,6,0,0
579,579,578,580,578,579,0,0,0,0,0,0,0,0,1,1,1,0,6,6,0,0
580,580,579,581,579,580,0,0,0,0,0,0,0,0,1,1,1,0,6,6,0,0
581,581,580,582,580,581,0,0,0,0,0,0,0,0,1,1,1,0,6,6,0,0
582,582,581,583,581,582,0,0,0,0,0,0,0,0,1,1,1,0,6,6,0,0
583,583,582,584,582,583,0,0,0,0,0,0,0,0,1,1,1,0,6,6,0,0
584,584,583,585,583,584,0,0,0,0,0,0,0,0,1,1,1,0,6,6,0,0
585,585,584,586,584,585,0,0,0,0,0,0,0,0,1,1,1,0,6,6,0,0
586,586,585,587,585,586,0,0,0,0,0,0,0,0,1,1,1,0,6,6,0,0
587,587,586,588,586,587,0,0,0,0,0,0,0,0,1,1,1,0,6,6,0,0
588,588,587,589,587,588,0,0,0,0,0,0,0,0,1,1,1,0,6,6,0,0
589,589,588,590,588,589,0,0,0,0,0,0,0,0,1,1,1,0,6,6,0,0
590,590,589,591,589,590,0,0,0,0,0,0,0,0,1,1,1,0,6,6,0,0
591,591,590,592,590,591,0,0,0,0,0,0,0,0,1,1,1,0,6,6,0,0
592,592,591,593,591,592,0,0,0,0,0,0,0,0,1,1,1,0,6,6,0,0
593,593,592,594,592,593,0,0,0,0,0,0,0,0,1,1,1,0,6,6,0,0
594,594,593,595,593,594,0,0,0,0,0,0,0,0,1,1,1,0,6,6,0,0
595,595,594,596,594,595,0,0,0,0,0,0,0,0,1,1,1,0,6,6,0,0
596,596,595,597,595,596,0,0,0,0,0,0,0,0,1,1,1,0,6,6,0,0
597,597,596,598,596,597,0,0,0,0,0,0,0,0,1,1,1,0,6,6,0,0
598,598,597,599,597,598,0,0,0,0,0,0,0,0,1,1,1,0,6,6,0,0
599,599,598,600,598,599,0,0,0,0,0,0,0,0,1,1,1,0,6,6,0,0
600,600,599,601,599,600,0,0,0,0,0,0,0,0,1,1,1,0,6,6,0,0
601,601,600,602,600,601,0,0,0,0,0,0,0,0,1,1,1,0,6,6,0,0
602,602,601,603,601,602,0,0,0,0,0,0,0,0,1,1,1,0,6,6,0,0
603,603,602,604,602,603,0,0,0,0,0,0,0,0,1,1,1,0,6,6,0,0
604,604,603,605,603,604,0,0,0,0,0,0,0,0,1,1,1,0,6,6,0,0
605,605,604,606,604,605,0,0,0,0,0,0,0,0,1,1,1,0,6,6,0,0
606,606,605,607,605,606,0,0,0,0,0,0,0,0,1,1,1,0,6,6,0,0
607,607,606,608,606,607,0,0,0,0,0,0,0,0,1,1,1,0,6,6,0,0
608,608,607,609,607,608,0,0,0,0,0,0,0,0,1,1,1,0,6,6,0,0
609,609,608,610,608,609,0,0,0,0,0,0,0,0,1,1,1,0,6,6,0,0
610,610,609,611,609,610,0,0,0,0,0,0,0,0,1,1,1,0,6,6,0,0
611,611,610,612,610,611,0,0,0,0,0,0,0,0,1,1,1,0,6,6,0,0
612,612,611,613,611,612,0,0,0,0,0,0,0,0,1,1,1,0,6,6,0,0
613,613,612,614,612,613,0,0,0,0,0,0,0,0,1,1,1,0,6,6,0,0
614,614,613,615,613,614,0,0,0,0,0,0,0,0,1,1,1,0,6,6,0,0
615,615,614,616,614,615,0,0,0,0,0,0,0,0,1,1,1,0,6,6,0,0
616,616,615,617,615,616,0,0,0,0,0,0,0,0,1,1,1,0,6,6,0,0
617,617,616,618,616,617,0,0,0,0,0,0,0,0,1,1,1,0,6,6,0,0
618,618,617,619,617,618,0,0,0,0,0,0,0,0,1,1,1,0,6,6,0,0
619,619,618,620,618,619,0,0,0,0,0,0,0,0,1,1,1,0,6,6,0,0
620,620,619,621,619,620,0,0,0,0,0,0,0,0,1,1,1,0,6,6,0,0
621,621,620,622,620,621,0,0,0,0,0,0,0,0,1,1,1,0,6,6,0,0
622,622,621,623,621,622,0,0,0,0,0,0,0,0,1,1,1,0,6,6,0,0
623,623,622,624,622,623,0,0,0,0,0,0,0,0,1,1,1,0,6,6,0,0
624,624,623,625,623,624,0,0,0,0,0,0,0,0,1,1,1,0,6,6,0,0
625,625,624,626,624,625,0,0,0,0,0,0,0,0,1,1,1,0,6,6,0,0
626,626,625,627,625,626,0,0,0,0,0,0,0,0,1,1,1,0,6,6,0,0
627,627,626,628,626,627,0,0,0,0,0,0,0,0,1,1,1,0,6,6,0,0
628,628,627,629,627,628,0,0,0,0,0,0,0,0,1,1,1,0,6,6,0,0
629,629,628,630,628,629,0,0,0,0,0,0,0,0,1,1,1,0,6,6,0,0
630,630,629,631,629,630,0,0,0,0,0,0,0,0,1,1,1,0,6,6,0,0
631,631,630,632,630,631,0,0,0,0,0,0,0,0,1,1,1,0,6,6,0,0
632,632,631,633,631,632,0,0,0,0,0,0,0,0,1,1,1,0,6,6,0,0
633,633,632,634,632,633,0,0,0,0,0,0,0,0,1,1,1,0,6,6,0,0
634,634,633,635,633,634,0,0,0,0,0,0,0,0,1,1,1,0,6,6,0,0
635,635,634,636,634,635,0,0,0,0,0,0,0,0,1,1,1,0,6,6,0,0
636,636,635,637,635,636,0,0,0,0,0,0,0,0,1,1,1,0,6,6,0,0
637,637,636,638,636,637,0,0,0,0,0,0,0,0,1,1,1,0,6,6,0,0
638,638,637,639,637,638,0,0,0,0,0,0,0,0,1,1,1,0,6,6,0,0
639,639,638,640,638,639,0,0,0,0,0,0,0,0,1,1,1,0,6,6,0,0
640,640,639,641,639,640,0,0,0,0,0,0,0,0,1,1,1,0,6,6,0,0
641,641,640,642,640,641,0,0,0,0,0,0,0,0,1,1,1,0,6,6,0,0
642,642,641,643,641,642,0,0,0,0,0,0,0,0,1,1,1,0,6,6,0,0
643,643,642,644,642,643,0,0,0,0,0,0,0,0,1,1,1,0,6,6,0,0
644,644,643,645,643,644,0,0,0,0,0,0,0,0,1,1,1,0,6,6,0,0
645,645,644,646,644,645,0,0,0,0,0,0,0,0,1,1,1,0,6,6,0,0
646,646,645,647,645,646,0,0,0,0,0,0,0,0,1,1,1,0,6,6,0,0
647,647,646,648,646,647,0,0,0,0,0,0,0,0,1,1,1,0,6,6,0,0
648,648,647,649,647,648,0,0,0,0,0,0,0,0,1,1,1,0,6,6,0,0
649,649,648,650,648,649,0,0,0,0,0,0,0,0,1,1,1,0,6,6,0,0
650,650,649,651,649,650,0,0,0,0,0,0,0,0,1,1,1,0,6,6,0,0
651,651,650,652,650,651,0,0,0,0,0,0,0,0,1,1,1,0,6,6,0,0
652,652,651,653,651,652,0,0,0,0,0,0,0,0,1,1,1,0,6,6,0,0
653,653,652,654,652,653,0,0,0,0,0,0,0,0,1,1,1,0,6,6,0,0
654,654,653,655,653,654,0,0,0,0,0,0,0,0,1,1,1,0,6,6,0,0
655,655,654,656,654,655,0,0,0,0,0,0,0,0,1,1,1,0,6,6,0,0
656,656,655,657,655,656,0,0,0,0,0,0,0,0,1,1,1,0,6,6,0,0
657,657,656,658,656,657,0,0,0,0,0,0,0,0,1,1,1,0,6,6,0,0
658,658,657,1115,657,658,1,0,0,0,1135,1167,0,0,1,1,1,0,6,6,0,0
659,659,1114,660,658,659,0,1134,1186,0,0,0,0,0,1,1,1,0,6,6,0,0
660,660,659,661,659,660,0,0,0,0,0,0,0,0,1,1,1,0,6,6,0,0
661,661,660,662,660,661,0,0,0,0,0,0,0,0,1,1,1,0,6,6,0,0
662,662,661,663,661,662,0,0,0,0,0,0,0,0,1,1,1,0,6,6,0,0
663,663,662,664,662,663,0,0,0,0,0,0,0,0,1,1,1,0,6,6,0,0
664,664,663,665,663,664,0,0,0,0,0,0,0,0,1,1,1,0,6,6,0,0
665,665,664,666,664,665,0,0,0,0,0,0,0,0,1,1,1,0,6,6,0,0
666,666,665,667,665,666,0,0,0,0,0,0,0,0,1,1,1,0,6,6,0,0
667,667,666,668,666,667,0,0,0,0,0,0,0,0,1,1,1,0,6,6,0,0
668,668,667,669,667,668,0,0,0,0,0,0,0,0,1,1,1,0,6,6,0,0
669,669,668,670,668,669,0,0,0,0,0,0,0,0,1,1,1,0,6,6,0,0
670,670,669,671,669,670,0,0,0,0,0,0,0,0,1,1,1,0,6,6,0,0
671,671,670,672,670,671,0,0,0,0,0,0,0,0,1,1,1,0,6,6,0,0
672,672,671,673,671,672,0,0,0,0,0,0,0,0,1,1,1,0,6,6,0,0
673,673,672,674,672,673,0,0,0,0,0,0,0,0,1,1,1,0,6,6,0,0
674,674,673,675,673,674,0,0,0,0,0,0,0,0,1,1,1,0,6,6,0,0
675,675,674,676,674,675,0,0,0,0,0,0,0,0,1,1,1,0,6,6,0,0
676,676,675,677,675,676,0,0,0,0,0,0,0,0,1,1,1,0,6,6,0,0
677,677,676,678,676,677,0,0,0,0,0,0,0,0,1,1,1,0,6,6,0,0
678,678,677,679,677,678,0,0,0,0,0,0,0,0,1,1,1,0,6,6,0,0
679,679,678,680,678,679,0,0,0,0,0,0,0,0,1,1,1,0,6,6,0,0
680,680,679,681,679,680,0,0,0,0,0,0,0,0,1,1,1,0,6,6,0,0
681,681,680,682,680,681,0,0,0,0,0,0,0,0,1,1,1,0,6,6,0,0
682,682,681,683,681,682,0,0,0,0,0,0,0,0,1,1,1,0,6,6,0,0
683,683,682,684,682,683,0,0,0,0,0,0,0,0,1,1,1,0,6,6,0,0
684,684,683,685,683,684,0,0,0,0,0,0,0,0,1,1,1,0,6,6,0,0
685,685,684,686,684,685,0,0,0,0,0,0,0,0,1,1,1,0,6,6,0,0
686,686,685,687,685,686,0,0,0,0,0,0,0,0,1,1,1,0,6,6,0,0
687,687,686,688,686,687,0,0,0,0,0,0,0,0,1,1,1,0,6,6,0,0
688,688,687,689,687,688,0,0,0,0,0,0,0,0,1,1,1,0,6,6,0,0
689,689,688,690,688,689,0,0,0,0,0,0,0,0,1,1,1,0,6,6,0,0
690,690,689,691,689,690,0,0,0,0,0,0,0,0,1,1,1,0,6,6,0,0
691,691,690,692,690,691,0,0,0,0,0,0,0,0,1,1,1,0,6,6,0,0
692,692,691,693,691,692,0,0,0,0,0,0,0,0,1,1,1,0,6,6,0,0
693,693,692,694,692,693,0,0,0,0,0,0,0,0,1,1,1,0,6,6,0,0
694,694,693,695,693,694,0,0,0,0,0,0,0,0,1,1,1,0,6,6,0,0
695,695,694,696,694,695,0,0,0,0,0,0,0,0,1,1,1,0,6,6,0,0
696,696,695,697,695,696,0,0,0,0,0,0,0,0,1,1,1,0,6,6,0,0
697,697,696,698,696,697,0,0,0,0,0,0,0,0,1,1,1,0,6,6,0,0
698,698,697,699,697,698,0,0,0,0,0,0,0,0,1,1,1,0,6,6,0,0
699,699,698,700,698,699,0,0,0,0,0,0,0,0,1,1,1,0,6,6,0,0
700,700,699,701,699,700,0,0,0,0,0,0,0,0,1,1,1,0,6,6,0,0
701,701,700,702,700,701,0,0,0,0,0,0,0,0,1,1,1,0,6,6,0,0
702,702,701,703,701,702,0,0,0,0,0,0,0,0,1,1,1,0,6,6,0,0
703,703,702,704,702,703,0,0,0,0,0,0,0,0,1,1,1,0,6,6,0,0
704,704,703,705,703,704,0,0,0,0,0,0,0,0,1,1,1,0,6,6,0,0
705,705,704,706,704,705,0,0,0,0,0,0,0,0,1,1,1,0,6,6,0,0
706,706,705,707,705,706,0,0,0,0,0,0,0,0,1,1,1,0,6,6,0,0
707,707,706,708,706,707,0,0,0,0,0,0,0,0,1,1,1,0,6,6,0,0
708,708,707,709,707,708,0,0,0,0,0,0,0,0,1,1,1,0,6,6,0,0
709,709,708,710,708,709,0,0,0,0,0,0,0,0,1,1,1,0,6,6,0,0
710,710,709,711,709,710,0,0,0,0,0,0,0,0,1,1,1,0,6,6,0,0
711,711,710,712,710,711,0,0,0,0,0,0,0,0,1,1,1,0,6,6,0,0
712,712,711,713,711,712,0,0,0,0,0,0,0,0,1,1,1,0,6,6,0,0
713,713,712,714,712,713,0,0,0,0,0,0,0,0,1,1,1,0,6,6,0,0
714,714,713,715,713,714,0,0,0,0,0,0,0,0,1,1,1,0,6,6,0,0
715,715,714,716,714,715,0,0,0,0,0,0,0,0,1,1,1,0,6,6,0,0
716,716,715,717,715,716,0,0,0,0,0,0,0,0,1,1,1,0,6,6,0,0
717,717,716,718,716,717,0,0,0,0,0,0,0,0,1,1,1,0,6,6,0,0
718,718,717,719,717,718,0,0,0,0,0,0,0,0,1,1,1,0,6,6,0,0
719,719,718,720,718,719,0,0,0,0,0,0,0,0,1,1,1,0,6,6,0,0
720,720,719,721,719,720,0,0,0,0,0,0,0,0,1,1,1,0,6,6,0,0
721,721,720,722,720,721,0,0,0,0,0,0,0,0,1,1,1,0,6,6,0,0
722,722,721,723,721,722,0,0,0,0,0,0,0,0,1,1,1,0,6,6,0,0
723,723,722,724,722,723,0,0,0,0,0,0,0,0,1,1,1,0,6,6,0,0
724,724,723,725,723,724,0,0,0,0,0,0,0,0,1,1,1,0,6,6,0,0
725,725,724,726,724,725,0,0,0,0,0,0,0,0,1,1,1,0,6,6,0,0
726,726,725,727,725,726,0,0,0,0,0,0,0,0,1,1,1,0,6,6,0,0
727,727,726,728,726,727,0,0,0,0,0,0,0,0,1,1,1,0,6,6,0,0
728,728,727,729,727,728,0,0,0,0,0,0,0,0,1,1,1,0,6,6,0,0
729,729,728,730,728,729,0,0,0,0,0,0,0,0,1,1,1,0,6,6,0,0
730,730,729,731,729,730,0,0,0,0,0,0,0,0,1,1,1,0,6,6,0,0
731,731,730,732,730,731,0,0,0,0,0,0,0,0,1,1,1,0,6,6,0,0
732,732,731,733,731,732,0,0,0,0,0,0,0,0,1,1,1,0,6,6,0,0
733,733,732,734,732,733,0,0,0,0,0,0,0,0,1,1,1,0,6,6,0,0
734,734,733,735,733,734,0,0,0,0,0,0,0,0,1,1,1,0,6,6,0,0
735,735,734,736,734,735,0,0,0,0,0,0,0,0,1,1,1,0,6,6,0,0
736,736,735,737,735,736,0,0,0,0,0,0,0,0,1,1,1,0,6,6,0,0
737,737,736,738,736,737,0,0,0,0,0,0,0,0,1,1,1,0,6,6,0,0
738,738,737,739,737,738,0,0,0,0,0,0,0,0,1,1,1,0,6,6,0,0
739,739,738,740,738,739,0,0,0,0,0,0,0,0,1,1,1,0,6,6,0,0
740,740,739,741,739,740,0,0,0,0,0,0,0,0,1,1,1,0,6,6,0,0
741,741,740,742,740,741,0,0,0,0,0,0,0,0,1,1,1,0,6,6,0,0
742,742,741,743,741,742,0,0,0,0,0,0,0,0,1,1,1,0,6,6,0,0
743,743,742,744,742,743,0,0,0,0,0,0,0,0,1,1,1,0,6,6,0,0
744,744,743,745,743,744,0,0,0,0,0,0,0,0,1,1,1,0,6,6,0,0
745,745,744,746,744,745,0,0,0,0,0,0,0,0,1,1,1,0,6,6,0,0
746,746,745,747,745,746,0,0,0,0,0,0,0,0,1,1,1,0,6,6,0,0
747,747,746,748,746,747,0,0,0,0,0,0,0,0,1,1,1,0,6,6,0,0
748,748,747,749,747,748,0,0,0,0,0,0,0,0,1,1,1,0,6,6,0,0
749,749,748,750,748,749,0,0,0,0,0,0,0,0,1,1,1,0,6,6,0,0
750,750,749,751,749,750,0,0,0,0,0,0,0,0,1,1,1,0,6,6,0,0
751,751,750,752,750,751,0,0,0,0,0,0,0,0,1,1,1,0,6,6,0,0
752,752,751,753,751,752,0,0,0,0,0,0,0,0,1,1,1,0,6,6,0,0
753,753,752,754,752,753,0,0,0,0,0,0,0,0,1,1,1,0,6,6,0,0
754,754,753,755,753,754,0,0,0,0,0,0,0,0,1,1,1,0,6,6,0,0
755,755,754,756,754,755,0,0,0,0,0,0,0,0,1,1,1,0,6,6,0,0
756,756,755,757,755,756,0,0,0,0,0,0,0,0,1,1,1,0,6,6,0,0
757,757,756,758,756,757,0,0,0,0,0,0,0,0,1,1,1,0,6,6,0,0
758,758,757,759,757,758,0,0,0,0,0,0,0,0,1,1,1,0,6,6,0,0
759,759,758,760,758,759,0,0,0,0,0,0,0,0,1,1,1,0,6,6,0,0
760,760,759,761,759,760,0,0,0,0,0,0,0,0,1,1,1,0,6,6,0,0
761,761,760,762,760,761,0,0,0,0,0,0,0,0,1,1,1,0,6,6,0,0
762,762,761,763,761,762,0,0,0,0,0,0,0,0,1,1,1,0,6,6,0,0
763,763,762,764,762,763,0,0,0,0,0,0,0,0,1,1,1,0,6,6,0,0
764,764,763,765,763,764,0,0,0,0,0,0,0,0,1,1,1,0,6,6,0,0
765,765,764,766,764,765,0,0,0,0,0,0,0,0,1,1,1,0,6,6,0,0
766,766,765,767,765,766,0,0,0,0,0,0,0,0,1,1,1,0,6,6,0,0
767,767,766,768,766,767,0,0,0,0,0,0,0,0,1,1,1,0,6,6,0,0
768,768,767,769,767,768,0,0,0,0,0,0,0,0,1,1,1,0,6,6,0,0
769,769,768,770,768,769,0,0,0,0,0,0,0,0,1,1,1,0,6,6,0,0
770,770,769,771,769,770,0,0,0,0,0,0,0,0,1,1,1,0,6,6,0,0
771,771,770,772,770,771,0,0,0,0,0,0,0,0,1,1,1,0,6,6,0,0
772,772,771,773,771,772,0,0,0,0,0,0,0,0,1,1,1,0,6,6,0,0
773,773,772,774,772,773,0,0,0,0,0,0,0,0,1,1,1,0,6,6,0,0
774,774,773,775,773,774,0,0,0,0,0,0,0,0,1,1,1,0,6,6,0,0
775,775,774,776,774,775,0,0,0,0,0,0,0,0,1,1,1,0,6,6,0,0
776,776,775,777,775,776,0,0,0,0,0,0,0,0,1,1,1,0,6,6,0,0
777,777,776,778,776,777,0,0,0,0,0,0,0,0,1,1,1,0,6,6,0,0
778,778,777,779,777,778,0,0,0,0,0,0,0,0,1,1,1,0,6,6,0,0
779,779,778,1314,778,779,1,0,0,0,1331,0,0,0,1,1,1,0,6,6,0,0
780,780,1286,781,779,780,0,1341,0,0,0,0,0,0,1,1,1,0,6,6,0,0
781,781,780,782,780,781,0,0,0,0,0,0,0,0,1,1,1,0,6,6,0,0
782,782,781,783,781,782,0,0,0,0,0,0,0,0,1,1,1,0,6,6,0,0
783,783,782,784,782,783,0,0,0,0,0,0,0,0,1,1,1,0,6,6,0,0
784,784,783,785,783,784,0,0,0,0,0,0,0,0,1,1,1,0,6,6,0,0
785,785,784,786,784,785,0,0,0,0,0,0,0,0,1,1,1,0,6,6,0,0
786,786,785,787,785,786,0,0,0,0,0,0,0,0,1,1,1,0,6,6,0,0
787,787,786,788,786,787,0,0,0,0,0,0,0,0,1,1,1,0,6,6,0,0
788,788,787,789,787,788,0,0,0,0,0,0,0,0,1,1,1,0,6,6,0,0
789,789,788,790,788,789,0,0,0,0,0,0,0,0,1,1,1,0,6,6,0,0
790,790,789,791,789,790,0,0,0,0,0,0,0,0,1,1,1,0,6,6,0,0
791,791,790,792,790,791,0,0,0,0,0,0,0,0,1,1,1,0,6,6,0,0
792,792,791,793,791,792,0,0,0,0,0,0,0,0,1,1,1,0,6,6,0,0
793,793,792,794,792,793,0,0,0,0,0,0,0,0,1,1,1,0,6,6,0,0
794,794,793,795,793,794,0,0,0,0,0,0,0,0,1,1,1,0,6,6,0,0
795,795,794,796,794,795,0,0,0,0,0,0,0,0,1,1,1,0,6,6,0,0
796,796,795,797,795,796,0,0,0,0,0,0,0,0,1,1,1,0,6,6,0,0
797,797,796,798,796,797,0,0,0,0,0,0,0,0,1,1,1,0,6,6,0,0
798,798,797,799,797,798,0,0,0,0,0,0,0,0,1,1,1,0,6,6,0,0
799,799,798,800,798,799,0,0,0,0,0,0,0,0,1,1,1,0,6,6,0,0
800,800,799,801,799,800,0,0,0,0,0,0,0,0,1,1,1,0,6,6,0,0
801,801,800,802,800,801,0,0,0,0,0,0,0,0,1,1,1,0,6,6,0,0
802,802,801,803,801,802,0,0,0,0,0,0,0,0,1,1,1,0,6,6,0,0
803,803,802,804,802,803,0,0,0,0,0,0,0,0,1,1,1,0,6,6,0,0
804,804,803,805,803,804,0,0,0,0,0,0,0,0,1,1,1,0,6,6,0,0
805,805,804,806,804,805,0,0,0,0,0,0,0,0,1,1,1,0,6,6,0,0
806,806,805,807,805,806,0,0,0,0,0,0,0,0,1,1,1,0,6,6,0,0
807,807,806,808,806,807,0,0,0,0,0,0,0,0,1,1,1,0,6,6,0,0
808,808,807,809,807,808,0,0,0,0,0,0,0,0,1,1,1,0,6,6,0,0
809,809,808,810,808,809,0,0,0,0,0,0,0,0,1,1,1,0,6,6,0,0
810,810,809,811,809,810,0,0,0,0,0,0,0,0,1,1,1,0,6,6,0,0
811,811,810,812,810,811,0,0,0,0,0,0,0,0,1,1,1,0,6,6,0,0
812,812,811,813,811,812,0,0,0,0,0,0,0,0,1,1,1,0,6,6,0,0
813,813,812,814,812,813,0,0,0,0,0,0,0,0,1,1,1,0,6,6,0,0
814,814,813,815,813,814,0,0,0,0,0,0,0,0,1,1,1,0,6,6,0,0
815,815,814,816,814,815,0,0,0,0,0,0,0,0,1,1,1,0,6,6,0,0
816,816,815,817,815,816,0,0,0,0,0,0,0,0,1,1,1,0,6,6,0,0
817,817,816,818,816,817,0,0,0,0,0,0,0,0,1,1,1,0,6,6,0,0
818,818,817,819,817,818,0,0,0,0,0,0,0,0,1,1,1,0,6,6,0,0
819,819,818,820,818,819,0,0,0,0,0,0,0,0,1,1,1,0,6,6,0,0
820,820,819,1381,819,820,1,0,0,0,1409,0,0,0,1,1,1,0,6,6,0,0
821,821,1400,822,820,821,0,1408,0,0,0,0,0,0,1,1,1,0,6,6,0,0
822,822,821,823,821,822,0,0,0,0,0,0,0,0,1,1,1,0,6,6,0,0
823,823,822,824,822,823,0,0,0,0,0,0,0,0,1,1,1,0,6,6,0,0
824,824,823,825,823,824,0,0,0,0,0,0,0,0,1,1,1,0,6,6,0,0
825,825,824,826,824,825,0,0,0,0,0,0,0,0,1,1,1,0,6,6,0,0
826,826,825,827,825,826,0,0,0,0,0,0,0,0,1,1,1,0,6,6,0,0
827,827,826,828,826,827,0,0,0,0,0,0,0,0,1,1,1,0,6,6,0,0
828,828,827,829,827,828,0,0,0,0,0,0,0,0,1,1,1,0,6,6,0,0
829,829,828,830,828,829,0,0,0,0,0,0,0,0,1,1,1,0,6,6,0,0
830,830,829,831,829,830,0,0,0,0,0,0,0,0,1,1,1,0,6,6,0,0
831,831,830,832,830,831,0,0,0,0,0,0,0,0,1,1,1,0,6,6,0,0
832,832,831,833,831,832,0,0,0,0,0,0,0,0,1,1,1,0,6,6,0,0
833,833,832,834,832,833,0,0,0,0,0,0,0,0,1,1,1,0,6,6,0,0
834,834,833,835,833,834,0,0,0,0,0,0,0,0,1,1,1,0,6,6,0,0
835,835,834,836,834,835,0,0,0,0,0,0,0,0,1,1,1,0,6,6,0,0
836,836,835,837,835,836,0,0,0,0,0,0,0,0,1,1,1,0,6,6,0,0
837,837,836,838,836,837,0,0,0,0,0,0,0,0,1,1,1,0,6,6,0,0
838,838,837,839,837,838,0,0,0,0,0,0,0,0,1,1,1,0,6,6,0,0
839,839,838,840,838,839,0,0,0,0,0,0,0,0,1,1,1,0,6,6,0,0
840,840,839,841,839,840,0,0,0,0,0,0,0,0,1,1,1,0,6,6,0,0
841,841,840,842,840,841,0,0,0,0,0,0,0,0,1,1,1,0,6,6,0,0
842,842,841,843,841,842,0,0,0,0,0,0,0,0,1,1,1,0,6,6,0,0
843,843,842,844,842,843,0,0,0,0,0,0,0,0,1,1,1,0,6,6,0,0
844,844,843,845,843,844,0,0,0,0,0,0,0,0,1,1,1,0,6,6,0,0
845,845,844,846,844,845,0,0,0,0,0,0,0,0,1,1,1,0,6,6,0,0
846,846,845,847,845,846,0,0,0,0,0,0,0,0,1,1,1,0,6,6,0,0
847,847,846,848,846,847,0,0,0,0,0,0,0,0,1,1,1,0,6,6,0,0
848,848,847,849,847,848,0,0,0,0,0,0,0,0,1,1,1,0,6,6,0,0
849,849,848,850,848,849,0,0,0,0,0,0,0,0,1,1,1,0,6,6,0,0
850,850,849,851,849,850,0,0,0,0,0,0,0,0,1,1,1,0,6,6,0,0
851,851,850,852,850,851,0,0,0,0,0,0,0,0,1,1,1,0,6,6,0,0
852,852,851,853,851,852,0,0,0,0,0,0,0,0,1,1,1,0,6,6,0,0
853,853,852,854,852,853,0,0,0,0,0,0,0,0,1,1,1,0,6,6,0,0
854,854,853,855,853,854,0,0,0,0,0,0,0,0,1,1,1,0,6,6,0,0
855,855,854,856,854,855,0,0,0,0,0,0,0,0,1,1,1,0,6,6,0,0
856,856,855,857,855,856,0,0,0,0,0,0,0,0,1,1,1,0,6,6,0,0
857,857,856,858,856,857,0,0,0,0,0,0,0,0,1,1,1,0,6,6,0,0
858,858,857,859,857,858,0,0,0,0,0,0,0,0,1,1,1,0,6,6,0,0
859,859,858,860,858,859,0,0,0,0,0,0,0,0,1,1,1,0,6,6,0,0
860,860,859,1287,859,860,1,0,0,0,1342,0,0,0,1,1,1,0,6,6,0,0
861,861,1369,862,860,861,0,1421,0,0,0,0,0,0,1,1,1,0,6,6,0,0
862,862,861,863,861,862,0,0,0,0,0,0,0,0,1,1,1,0,6,6,0,0
863,863,862,864,862,863,0,0,0,0,0,0,0,0,1,1,1,0,6,6,0,0
864,864,863,865,863,864,0,0,0,0,0,0,0,0,1,1,1,0,6,6,0,0
865,865,864,866,864,865,0,0,0,0,0,0,0,0,1,1,1,0,6,6,0,0
866,866,865,1422,865,866,1,0,0,0,1489,1504,0,0,1,1,1,0,6,6,0,0
867,867,1451,868,866,867,0,1488,1529,0,0,0,0,0,1,1,1,0,6,6,0,0
868,868,867,869,867,868,0,0,0,0,0,0,0,0,1,1,1,0,6,6,0,0
869,869,868,870,868,869,0,0,0,0,0,0,0,0,1,1,1,0,6,6,0,0
870,870,869,871,869,870,0,0,0,0,0,0,0,0,1,1,1,0,6,6,0,0
871,871,870,872,870,871,0,0,0,0,0,0,0,0,1,1,1,0,6,6,0,0
872,872,871,1370,871,872,1,0,0,0,1401,0,0,0,1,1,1,0,6,6,0,0
873,873,1465,874,872,873,0,1513,1555,0,0,0,0,0,1,1,1,0,6,6,0,0
874,874,873,875,873,874,0,0,0,0,0,0,0,0,1,1,1,0,6,6,0,0
875,875,874,876,874,875,0,0,0,0,0,0,0,0,1,1,1,0,6,6,0,0
876,876,875,877,875,876,0,0,0,0,0,0,0,0,1,1,1,0,6,6,0,0
877,877,876,878,876,877,0,0,0,0,0,0,0,0,1,1,1,0,6,6,0,0
878,878,877,879,877,878,0,0,0,0,0,0,0,0,1,1,1,0,6,6,0,0
879,879,878,880,878,879,0,0,0,0,0,0,0,0,1,1,1,0,6,6,0,0
880,880,879,881,879,880,0,0,0,0,0,0,0,0,1,1,1,0,6,6,0,0
881,881,880,882,880,881,0,0,0,0,0,0,0,0,1,1,1,0,6,6,0,0
882,882,881,883,881,882,0,0,0,0,0,0,0,0,1,1,1,0,6,6,0,0
883,883,882,884,882,883,0,0,0,0,0,0,0,0,1,1,1,0,6,6,0,0
884,884,883,885,883,884,0,0,0,0,0,0,0,0,1,1,1,0,6,6,0,0
885,885,884,886,884,885,0,0,0,0,0,0,0,0,1,1,1,0,6,6,0,0
886,886,885,887,885,886,0,0,0,0,0,0,0,0,1,1,1,0,6,6,0,0
887,887,886,0,886,887,0,0,0,0,0,0,0,0,1,1,1,0,6,6,0,0
888,888,0,889,887,888,0,0,0,0,0,0,0,0,1,1,1,0,6,6,0,0
889,889,888,890,888,889,0,0,0,0,0,0,0,0,1,1,1,0,6,6,0,0
890,890,889,891,889,890,0,0,0,0,0,0,0,0,1,1,1,0,6,6,0,0
891,891,890,892,890,891,0,0,0,0,0,0,0,0,1,1,1,0,6,6,0,0
892,892,891,893,891,892,0,0,0,0,0,0,0,0,1,1,1,0,6,6,0,0
893,893,892,894,892,893,0,0,0,0,0,0,0,0,1,1,1,0,6,6,0,0
894,894,893,895,893,894,0,0,0,0,0,0,0,0,1,1,1,0,6,6,0,0
895,895,894,896,894,895,0,0,0,0,0,0,0,0,1,1,1,0,6,6,0,0
896,896,895,897,895,896,0,0,0,0,0,0,0,0,1,1,1,0,6,6,0,0
897,897,896,898,896,897,0,0,0,0,0,0,0,0,1,1,1,0,6,6,0,0
898,898,897,899,897,898,0,0,0,0,0,0,0,0,1,1,1,0,6,6,0,0
899,899,898,900,898,899,0,0,0,0,0,0,0,0,1,1,1,0,6,6,0,0
900,900,899,901,899,900,0,0,0,0,0,0,0,0,1,1,1,0,6,6,0,0
901,901,900,902,900,901,0,0,0,0,0,0,0,0,1,1,1,0,6,6,0,0
902,902,901,903,901,902,0,0,0,0,0,0,0,0,1,1,1,0,6,6,0,0
903,903,902,1466,902,903,1,0,0,0,1514,1530,0,0,1,1,1,0,6,6,0,0
904,904,1436,905,903,904,0,1539,1581,0,0,0,0,0,1,1,1,0,6,6,0,0
905,905,904,906,904,905,0,0,0,0,0,0,0,0,1,1,1,0,6,6,0,0
906,906,905,907,905,906,0,0,0,0,0,0,0,0,1,1,1,0,6,6,0,0
907,907,906,908,906,907,0,0,0,0,0,0,0,0,1,1,1,0,6,6,0,0
908,908,907,909,907,908,0,0,0,0,0,0,0,0,1,1,1,0,6,6,0,0
909,909,908,910,908,909,0,0,0,0,0,0,0,0,1,1,1,0,6,6,0,0
910,910,909,911,909,910,0,0,0,0,0,0,0,0,1,1,1,0,6,6,0,0
911,911,910,912,910,911,0,0,0,0,0,0,0,0,1,1,1,0,6,6,0,0
912,912,911,913,911,912,0,0,0,0,0,0,0,0,1,1,1,0,6,6,0,0
913,913,912,914,912,913,0,0,0,0,0,0,0,0,1,1,1,0,6,6,0,0
914,914,913,915,913,914,0,0,0,0,0,0,0,0,1,1,1,0,6,6,0,0
915,915,914,916,914,915,0,0,0,0,0,0,0,0,1,1,1,0,6,6,0,0
916,916,915,917,915,916,0,0,0,0,0,0,0,0,1,1,1,0,6,6,0,0
917,917,916,918,916,917,0,0,0,0,0,0,0,0,1,1,1,0,6,6,0,0
918,918,917,919,917,918,0,0,0,0,0,0,0,0,1,1,1,0,6,6,0,0
919,919,918,920,918,919,0,0,0,0,0,0,0,0,1,1,1,0,6,6,0,0
920,920,919,921,919,920,0,0,0,0,0,0,0,0,1,1,1,0,6,6,0,0
921,921,920,922,920,921,0,0,0,0,0,0,0,0,1,1,1,0,6,6,0,0
922,922,921,923,921,922,0,0,0,0,0,0,0,0,1,1,1,0,6,6,0,0
923,923,922,924,922,923,0,0,0,0,0,0,0,0,1,1,1,0,6,6,0,0
924,924,923,925,923,924,0,0,0,0,0,0,0,0,1,1,1,0,6,6,0,0
925,925,924,926,924,925,0,0,0,0,0,0,0,0,1,1,1,0,6,6,0,0
926,926,925,0,925,926,0,0,0,0,0,0,0,0,1,1,1,0,6,6,0,0
927,927,0,928,926,927,0,0,0,0,0,0,0,0,1,1,1,0,6,6,0,0
928,928,927,929,927,928,0,0,0,0,0,0,0,0,1,1,1,0,6,6,0,0
929,929,928,930,928,929,0,0,0,0,0,0,0,0,1,1,1,0,6,6,0,0
930,930,929,931,929,930,0,0,0,0,0,0,0,0,1,1,1,0,6,6,0,0
931,931,930,932,930,931,0,0,0,0,0,0,0,0,1,1,1,0,6,6,0,0
932,932,931,933,931,932,0,0,0,0,0,0,0,0,1,1,1,0,6,6,0,0
933,933,932,934,932,933,0,0,0,0,0,0,0,0,1,1,1,0,6,6,0,0
934,934,933,935,933,934,0,0,0,0,0,0,0,0,1,1,1,0,6,6,0,0
935,935,934,936,934,935,0,0,0,0,0,0,0,0,1,1,1,0,6,6,0,0
936,936,935,937,935,936,0,0,0,0,0,0,0,0,1,1,1,0,6,6,0,0
937,937,936,938,936,937,0,0,0,0,0,0,0,0,1,1,1,0,6,6,0,0
938,938,937,939,937,938,0,0,0,0,0,0,0,0,1,1,1,0,6,6,0,0
939,939,938,940,938,939,0,0,0,0,0,0,0,0,1,1,1,0,6,6,0,0
940,940,939,941,939,940,0,0,0,0,0,0,0,0,1,1,1,0,6,6,0,0
941,941,940,942,940,941,0,0,0,0,0,0,0,0,1,1,1,0,6,6,0,0
942,942,941,943,941,942,0,0,0,0,0,0,0,0,1,1,1,0,6,6,0,0
943,943,942,944,942,943,0,0,0,0,0,0,0,0,1,1,1,0,6,6,0,0
944,944,943,945,943,944,0,0,0,0,0,0,0,0,1,1,1,0,6,6,0,0
945,945,944,946,944,945,0,0,0,0,0,0,0,0,1,1,1,0,6,6,0,0
946,946,945,947,945,946,0,0,0,0,0,0,0,0,1,1,1,0,6,6,0,0
947,947,946,948,946,947,0,0,0,0,0,0,0,0,1,1,1,0,6,6,0,0
948,948,947,949,947,948,0,0,0,0,0,0,0,0,1,1,1,0,6,6,0,0
949,949,948,1437,948,949,1,0,0,0,1540,1556,0,0,1,1,1,0,6,6,0,0
950,950,1380,951,949,950,0,1387,0,0,0,0,0,0,1,1,1,0,6,6,0,0
951,951,950,952,950,951,0,0,0,0,0,0,0,0,1,1,1,0,6,6,0,0
952,952,951,953,951,952,0,0,0,0,0,0,0,0,1,1,1,0,6,6,0,0
953,953,952,954,952,953,0,0,0,0,0,0,0,0,1,1,1,0,6,6,0,0
954,954,953,955,953,954,0,0,0,0,0,0,0,0,1,1,1,0,6,6,0,0
955,955,954,956,954,955,0,0,0,0,0,0,0,0,1,1,1,0,6,6,0,0
956,956,955,957,955,956,0,0,0,0,0,0,0,0,1,1,1,0,6,6,0,0
957,957,956,958,956,957,0,0,0,0,0,0,0,0,1,1,1,0,6,6,0,0
958,958,957,959,957,958,0,0,0,0,0,0,0,0,1,1,1,0,6,6,0,0
959,959,958,960,958,959,0,0,0,0,0,0,0,0,1,1,1,0,6,6,0,0
960,960,959,961,959,960,0,0,0,0,0,0,0,0,1,1,1,0,6,6,0,0
961,961,960,962,960,961,0,0,0,0,0,0,0,0,1,1,1,0,6,6,0,0
962,962,961,963,961,962,0,0,0,0,0,0,0,0,1,1,1,0,6,6,0,0
963,963,962,964,962,963,0,0,0,0,0,0,0,0,1,1,1,0,6,6,0,0
964,964,963,965,963,964,0,0,0,0,0,0,0,0,1,1,1,0,6,6,0,0
965,965,964,966,964,965,0,0,0,0,0,0,0,0,1,1,1,0,6,6,0,0
966,966,965,967,965,966,0,0,0,0,0,0,0,0,1,1,1,0,6,6,0,0
967,967,966,968,966,967,0,0,0,0,0,0,0,0,1,1,1,0,6,6,0,0
968,968,967,969,967,968,0,0,0,0,0,0,0,0,1,1,1,0,6,6,0,0
969,969,968,970,968,969,0,0,0,0,0,0,0,0,1,1,1,0,6,6,0,0
970,970,969,971,969,970,0,0,0,0,0,0,0,0,1,1,1,0,6,6,0,0
971,971,970,972,970,971,0,0,0,0,0,0,0,0,1,1,1,0,6,6,0,0
972,972,971,973,971,972,0,0,0,0,0,0,0,0,1,1,1,0,6,6,0,0
973,973,972,974,972,973,0,0,0,0,0,0,0,0,1,1,1,0,6,6,0,0
974,974,973,975,973,974,0,0,0,0,0,0,0,0,1,1,1,0,6,6,0,0
975,975,974,976,974,975,0,0,0,0,0,0,0,0,1,1,1,0,6,6,0,0
976,976,975,977,975,976,0,0,0,0,0,0,0,0,1,1,1,0,6,6,0,0
977,977,976,978,976,977,0,0,0,0,0,0,0,0,1,1,1,0,6,6,0,0
978,978,977,979,977,978,0,0,0,0,0,0,0,0,1,1,1,0,6,6,0,0
979,979,978,980,978,979,0,0,0,0,0,0,0,0,1,1,1,0,6,6,0,0
980,980,979,981,979,980,0,0,0,0,0,0,0,0,1,1,1,0,6,6,0,0
981,981,980,982,980,981,0,0,0,0,0,0,0,0,1,1,1,0,6,6,0,0
982,982,981,983,981,982,0,0,0,0,0,0,0,0,1,1,1,0,6,6,0,0
983,983,982,984,982,983,0,0,0,0,0,0,0,0,1,1,1,0,6,6,0,0
984,984,983,985,983,984,0,0,0,0,0,0,0,0,1,1,1,0,6,6,0,0
985,985,984,986,984,985,0,0,0,0,0,0,0,0,1,1,1,0,6,6,0,0
986,986,985,987,985,986,0,0,0,0,0,0,0,0,1,1,1,0,6,6,0,0
987,987,986,988,986,987,0,0,0,0,0,0,0,0,1,1,1,0,6,6,0,0
988,988,987,989,987,988,0,0,0,0,0,0,0,0,1,1,1,0,6,6,0,0
989,989,988,990,988,989,0,0,0,0,0,0,0,0,1,1,1,0,6,6,0,0
990,990,989,991,989,990,0,0,0,0,0,0,0,0,1,1,1,0,6,6,0,0
991,991,990,992,990,991,0,0,0,0,0,0,0,0,1,1,1,0,6,6,0,0
992,992,991,993,991,992,0,0,0,0,0,0,0,0,1,1,1,0,6,6,0,0
993,993,992,994,992,993,0,0,0,0,0,0,0,0,1,1,1,0,6,6,0,0
994,994,993,995,993,994,0,0,0,0,0,0,0,0,1,1,1,0,6,6,0,0
995,995,994,996,994,995,0,0,0,0,0,0,0,0,1,1,1,0,6,6,0,0
996,996,995,997,995,996,0,0,0,0,0,0,0,0,1,1,1,0,6,6,0,0
997,997,996,998,996,997,0,0,0,0,0,0,0,0,1,1,1,0,6,6,0,0
998,998,997,999,997,998,0,0,0,0,0,0,0,0,1,1,1,0,6,6,0,0
999,999,998,1000,998,999,0,0,0,0,0,0,0,0,1,1,1,0,6,6,0,0
1000,1000,999,1001,999,1000,0,0,0,0,0,0,0,0,1,1,1,0,6,6,0,0
1001,1001,1000,1002,1000,1001,0,0,0,0,0,0,0,0,1,1,1,0,6,6,0,0
1002,1002,1001,1003,1001,1002,0,0,0,0,0,0,0,0,1,1,1,0,6,6,0,0
1003,1003,1002,1004,1002,1003,0,0,0,0,0,0,0,0,1,1,1,0,6,6,0,0
1004,1004,1003,1005,1003,1004,0,0,0,0,0,0,0,0,1,1,1,0,6,6,0,0
1005,1005,1004,1006,1004,1005,0,0,0,0,0,0,0,0,1,1,1,0,6,6,0,0
1006,1006,1005,1007,1005,1006,0,0,0,0,0,0,0,0,1,1,1,0,6,6,0,0
1007,1007,1006,1008,1006,1007,0,0,0,0,0,0,0,0,1,1,1,0,6,6,0,0
1008,1008,1007,1009,1007,1008,0,0,0,0,0,0,0,0,1,1,1,0,6,6,0,0
1009,1009,1008,1010,1008,1009,0,0,0,0,0,0,0,0,1,1,1,0,6,6,0,0
1010,1010,1009,1011,1009,1010,0,0,0,0,0,0,0,0,1,1,1,0,6,6,0,0
1011,1011,1010,1012,1010,1011,0,0,0,0,0,0,0,0,1,1,1,0,6,6,0,0
1012,1012,1011,1013,1011,1012,0,0,0,0,0,0,0,0,1,1,1,0,6,6,0,0
1013,1013,1012,1014,1012,1013,0,0,0,0,0,0,0,0,1,1,1,0,6,6,0,0
1014,1014,1013,1015,1013,1014,0,0,0,0,0,0,0,0,1,1,1,0,6,6,0,0
1015,1015,1014,1016,1014,1015,0,0,0,0,0,0,0,0,1,1,1,0,6,6,0,0
1016,1016,1015,1017,1015,1016,0,0,0,0,0,0,0,0,1,1,1,0,6,6,0,0
1017,1017,1016,0,1016,1017,0,0,0,0,0,0,0,0,1,1,1,0,6,6,0,0
1018,1018,0,1019,1017,1018,0,0,0,0,0,0,0,0,1,1,1,0,6,6,0,0
1019,1019,1018,1020,1018,1019,0,0,0,0,0,0,0,0,1,1,1,0,6,6,0,0
1020,1020,1019,1021,1019,1020,0,0,0,0,0,0,0,0,1,1,1,0,6,6,0,0
1021,1021,1020,1022,1020,1021,0,0,0,0,0,0,0,0,1,1,1,0,6,6,0,0
1022,1022,1021,1023,1021,1022,0,0,0,0,0,0,0,0,1,1,1,0,6,6,0,0
1023,1023,1022,1024,1022,1023,0,0,0,0,0,0,0,0,1,1,1,0,6,6,0,0
1024,1024,1023,1025,1023,1024,0,0,0,0,0,0,0,0,1,1,1,0,6,6,0,0
1025,1025,1024,1026,1024,1025,0,0,0,0,0,0,0,0,1,1,1,0,6,6,0,0
1026,1026,1025,1027,1025,1026,0,0,0,0,0,0,0,0,1,1,1,0,6,6,0,0
1027,1027,1026,1028,1026,1027,0,0,0,0,0,0,0,0,1,1,1,0,6,6,0,0
1028,1028,1027,1029,1027,1028,0,0,0,0,0,0,0,0,1,1,1,0,6,6,0,0
1029,1029,1028,1030,1028,1029,0,0,0,0,0,0,0,0,1,1,1,0,6,6,0,0
1030,1030,1029,1031,1029,1030,0,0,0,0,0,0,0,0,1,1,1,0,6,6,0,0
1031,1031,1030,1032,1030,1031,0,0,0,0,0,0,0,0,1,1,1,0,6,6,0,0
1032,1032,1031,1033,1031,1032,0,0,0,0,0,0,0,0,1,1,1,0,6,6,0,0
1033,1033,1032,1034,1032,1033,0,0,0,0,0,0,0,0,1,1,1,0,6,6,0,0
1034,1034,1033,1035,1033,1034,0,0,0,0,0,0,0,0,1,1,1,0,6,6,0,0
1035,1035,1034,1036,1034,1035,0,0,0,0,0,0,0,0,1,1,1,0,6,6,0,0
1036,1036,1035,1037,1035,1036,0,0,0,0,0,0,0,0,1,1,1,0,6,6,0,0
1037,1037,1036,1038,1036,1037,0,0,0,0,0,0,0,0,1,1,1,0,6,6,0,0
1038,1038,1037,1039,1037,1038,0,0,0,0,0,0,0,0,1,1,1,0,6,6,0,0
1039,1039,1038,1040,1038,1039,0,0,0,0,0,0,0,0,1,1,1,0,6,6,0,0
1040,1040,1039,1041,1039,1040,0,0,0,0,0,0,0,0,1,1,1,0,6,6,0,0
1041,1041,1040,1042,1040,1041,0,0,0,0,0,0,0,0,1,1,1,0,6,6,0,0
1042,1042,1041,1043,1041,1042,0,0,0,0,0,0,0,0,1,1,1,0,6,6,0,0
1043,1043,1042,1044,1042,1043,0,0,0,0,0,0,0,0,1,1,1,0,6,6,0,0
1044,1044,1043,1045,1043,1044,0,0,0,0,0,0,0,0,1,1,1,0,6,6,0,0
1045,1045,1044,1046,1044,1045,0,0,0,0,0,0,0,0,1,1,1,0,6,6,0,0
1046,1046,1045,1047,1045,1046,0,0,0,0,0,0,0,0,1,1,1,0,6,6,0,0
1047,1047,1046,1048,1046,1047,0,0,0,0,0,0,0,0,1,1,1,0,6,6,0,0
1048,1048,1047,1049,1047,1048,0,0,0,0,0,0,0,0,1,1,1,0,6,6,0,0
1049,1049,1048,1050,1048,1049,0,0,0,0,0,0,0,0,1,1,1,0,6,6,0,0
1050,1050,1049,1051,1049,1050,0,0,0,0,0,0,0,0,1,1,1,0,6,6,0,0
1051,1051,1050,1052,1050,1051,0,0,0,0,0,0,0,0,1,1,1,0,6,6,0,0
1052,1052,1051,1053,1051,1052,0,0,0,0,0,0,0,0,1,1,1,0,6,6,0,0
1053,1053,1052,1054,1052,1053,0,0,0,0,0,0,0,0,1,1,1,0,6,6,0,0
1054,1054,1053,1055,1053,1054,0,0,0,0,0,0,0,0,1,1,1,0,6,6,0,0
1055,1055,1054,1056,1054,1055,0,0,0,0,0,0,0,0,1,1,1,0,6,6,0,0
1056,1056,1055,1057,1055,1056,0,0,0,0,0,0,0,0,1,1,1,0,6,6,0,0
1057,1057,1056,1058,1056,1057,0,0,0,0,0,0,0,0,1,1,1,0,6,6,0,0
1058,1058,1057,1059,1057,1058,0,0,0,0,0,0,0,0,1,1,1,0,6,6,0,0
1059,1059,1058,1060,1058,1059,0,0,0,0,0,0,0,0,1,1,1,0,6,6,0,0
1060,1060,1059,1061,1059,1060,0,0,0,0,0,0,0,0,1,1,1,0,6,6,0,0
1061,1061,1060,1062,1060,1061,0,0,0,0,0,0,0,0,1,1,1,0,6,6,0,0
1062,1062,1061,1063,1061,1062,0,0,0,0,0,0,0,0,1,1,1,0,6,6,0,0
1063,1063,1062,1064,1062,1063,0,0,0,0,0,0,0,0,1,1,1,0,6,6,0,0
1064,1064,1063,1065,1063,1064,0,0,0,0,0,0,0,0,1,1,1,0,6,6,0,0
1065,1065,1064,1066,1064,1065,0,0,0,0,0,0,0,0,1,1,1,0,6,6,0,0
1066,1066,1065,1067,1065,1066,0,0,0,0,0,0,0,0,1,1,1,0,6,6,0,0
1067,1067,1066,1068,1066,1067,0,0,0,0,0,0,0,0,1,1,1,0,6,6,0,0
1068,1068,1067,1069,1067,1068,0,0,0,0,0,0,0,0,1,1,1,0,6,6,0,0
1069,1069,1068,1070,1068,1069,0,0,0,0,0,0,0,0,1,1,1,0,6,6,0,0
1070,1070,1069,1071,1069,1070,0,0,0,0,0,0,0,0,1,1,1,0,6,6,0,0
1071,1071,1070,1072,1070,1071,0,0,0,0,0,0,0,0,1,1,1,0,6,6,0,0
1072,1072,1071,1073,1071,1072,0,0,0,0,0,0,0,0,1,1,1,0,6,6,0,0
1073,1073,1072,1074,1072,1073,0,0,0,0,0,0,0,0,1,1,1,0,6,6,0,0
1074,1074,1073,1075,1073,1074,0,0,0,0,0,0,0,0,1,1,1,0,6,6,0,0
1075,1075,1074,1076,1074,1075,0,0,0,0,0,0,0,0,1,1,1,0,6,6,0,0
1076,1076,1075,1077,1075,1076,0,0,0,0,0,0,0,0,1,1,1,0,6,6,0,0
1077,1077,1076,1078,1076,1077,0,0,0,0,0,0,0,0,1,1,1,0,6,6,0,0
1078,1078,1077,1359,1077,1078,1,0,0,0,1388,0,0,0,1,1,1,0,6,6,0,0
1079,1079,120,1080,1078,1079,0,0,0,0,0,0,0,0,1,1,1,0,6,6,0,0
1080,1080,1079,1081,1079,1080,0,0,0,0,0,0,0,0,1,1,1,0,6,6,0,0
1081,1081,1080,1082,1080,1081,0,0,0,0,0,0,0,0,1,1,1,0,6,6,0,0
1082,1082,1081,1083,1081,1082,0,0,0,0,0,0,0,0,1,1,1,0,6,6,0,0
1083,1083,1082,1084,1082,1083,0,0,0,0,0,0,0,0,1,1,1,0,6,6,0,0
1084,1084,1083,1085,1083,1084,0,0,0,0,0,0,0,0,1,1,1,0,6,6,0,0
1085,1085,1084,1086,1084,1085,0,0,0,0,0,0,0,0,1,1,1,0,6,6,0,0
1086,1086,1085,1087,1085,1086,0,0,0,0,0,0,0,0,1,1,1,0,6,6,0,0
1087,1087,1086,1088,1086,1087,0,0,0,0,0,0,0,0,1,1,1,0,6,6,0,0
1088,1088,1087,1089,1087,1088,0,0,0,0,0,0,0,0,1,1,1,0,6,6,0,0
1089,1089,1088,1090,1088,1089,0,0,0,0,0,0,0,0,1,1,1,0,6,6,0,0
1090,1090,1089,152,1089,1090,0,0,0,0,0,0,0,0,1,1,1,0,6,6,0,0
1091,1091,377,1092,1090,1091,0,0,0,0,0,0,0,0,1,1,1,0,6,6,0,0
1092,1092,1091,1093,1091,1092,0,0,0,0,0,0,0,0,1,1,1,0,6,6,0,0
1093,1093,1092,1094,1092,1093,0,0,0,0,0,0,0,0,1,1,1,0,6,6,0,0
1094,1094,1093,1095,1093,1094,0,0,0,0,0,0,0,0,1,1,1,0,6,6,0,0
1095,1095,1094,1096,1094,1095,0,0,0,0,0,0,0,0,1,1,1,0,6,6,0,0
1096,1096,1095,1097,1095,1096,0,0,0,0,0,0,0,0,1,1,1,0,6,6,0,0
1097,1097,1096,1098,1096,1097,0,0,0,0,0,0,0,0,1,1,1,0,6,6,0,0
1098,1098,1097,1099,1097,1098,0,0,0,0,0,0,0,0,1,1,1,0,6,6,0,0
1099,1099,1098,1100,1098,1099,0,0,0,0,0,0,0,0,1,1,1,0,6,6,0,0
1100,1100,1099,1101,1099,1100,0,0,0,0,0,0,0,0,1,1,1,0,6,6,0,0
1101,1101,1100,1102,1100,1101,0,0,0,0,0,0,0,0,1,1,1,0,6,6,0,0
1102,1102,1101,1,1101,1102,0,0,0,0,0,0,0,0,1,1,1,0,6,6,0,0
1103,1103,136,1104,1102,1103,0,0,0,0,0,0,0,0,1,1,1,0,6,6,0,0
1104,1104,1103,1105,1103,1104,0,0,0,0,0,0,0,0,1,1,1,0,6,6,0,0
1105,1105,1104,1106,1104,1105,0,0,0,0,0,0,0,0,1,1,1,0,6,6,0,0
1106,1106,1105,1107,1105,1106,0,0,0,0,0,0,0,0,1,1,1,0,6,6,0,0
1107,1107,1106,1108,1106,1107,0,0,0,0,0,0,0,0,1,1,1,0,6,6,0,0
1108,1108,1107,1109,1107,1108,0,0,0,0,0,0,0,0,1,1,1,0,6,6,0,0
1109,1109,1108,1110,1108,1109,0,0,0,0,0,0,0,0,1,1,1,0,6,6,0,0
1110,1110,1109,1111,1109,1110,0,0,0,0,0,0,0,0,1,1,1,0,6,6,0,0
1111,1111,1110,1112,1110,1111,0,0,0,0,0,0,0,0,1,1,1,0,6,6,0,0
1112,1112,1111,1113,1111,1112,0,0,0,0,0,0,0,0,1,1,1,0,6,6,0,0
1113,1113,1112,1114,1112,1113,0,0,0,0,0,0,0,0,1,1,1,0,6,6,0,0
1114,1114,1113,659,1113,1114,0,0,0,0,0,0,0,0,1,1,1,0,6,6,0,0
1115,1115,658,1116,1114,1115,0,0,0,0,0,0,0,0,1,1,1,0,6,6,0,0
1116,1116,1115,1117,1115,1116,0,0,0,0,0,0,0,0,1,1,1,0,6,6,0,0
1117,1117,1116,1118,1116,1117,0,0,0,0,0,0,0,0,1,1,1,0,6,6,0,0
1118,1118,1117,1119,1117,1118,0,0,0,0,0,0,0,0,1,1,1,0,6,6,0,0
1119,1119,1118,1120,1118,1119,0,0,0,0,0,0,0,0,1,1,1,0,6,6,0,0
1120,1120,1119,1121,1119,1120,0,0,0,0,0,0,0,0,1,1,1,0,6,6,0,0
1121,1121,1120,1122,1120,1121,0,0,0,0,0,0,0,0,1,1,1,0,6,6,0,0
1122,1122,1121,1123,1121,1122,0,0,0,0,0,0,0,0,1,1,1,0,6,6,0,0
1123,1123,1122,1124,1122,1123,0,0,0,0,0,0,0,0,1,1,1,0,6,6,0,0
1124,1124,1123,1125,1123,1124,0,0,0,0,0,0,0,0,1,1,1,0,6,6,0,0
1125,1125,1124,1126,1124,1125,0,0,0,0,0,0,0,0,1,1,1,0,6,6,0,0
1126,1126,1125,137,1125,1126,0,0,0,0,0,0,0,0,1,1,1,0,6,6,0,0
1127,1127,120,1128,1126,1127,0,0,0,0,0,0,0,0,1,1,1,0,6,6,0,0
1128,1128,1127,1129,1127,1128,0,0,0,0,0,0,0,0,1,1,1,0,6,6,0,0
1129,1129,1128,1130,1128,1129,0,0,0,0,0,0,0,0,1,1,1,0,6,6,0,0
1130,1130,1129,1131,1129,1130,0,0,0,0,0,0,0,0,1,1,1,0,6,6,0,0
1131,1131,1130,1132,1130,1131,0,0,0,0,0,0,0,0,1,1,1,0,6,6,0,0
1132,1132,1131,1133,1131,1132,0,0,0,0,0,0,0,0,1,1,1,0,6,6,0,0
1133,1133,1132,1134,1132,1133,0,0,0,0,0,0,0,0,1,1,1,0,6,6,0,0
1134,1134,1133,659,1133,1134,0,0,0,0,0,0,0,0,1,1,1,0,6,6,0,0
1135,1135,658,1136,1134,1135,0,0,0,0,0,0,0,0,1,1,1,0,6,6,0,0
1136,1136,1135,1137,1135,1136,0,0,0,0,0,0,0,0,1,1,1,0,6,6,0,0
1137,1137,1136,1138,1136,1137,0,0,0,0,0,0,0,0,1,1,1,0,6,6,0,0
1138,1138,1137,1139,1137,1138,0,0,0,0,0,0,0,0,1,1,1,0,6,6,0,0
1139,1139,1138,1140,1138,1139,0,0,0,0,0,0,0,0,1,1,1,0,6,6,0,0
1140,1140,1139,1141,1139,1140,0,0,0,0,0,0,0,0,1,1,1,0,6,6,0,0
1141,1141,1140,1142,1140,1141,0,0,0,0,0,0,0,0,1,1,1,0,6,6,0,0
1142,1142,1141,1143,1141,1142,0,0,0,0,0,0,0,0,1,1,1,0,6,6,0,0
1143,1143,1142,1144,1142,1143,0,0,0,0,0,0,0,0,1,1,1,0,6,6,0,0
1144,1144,1143,1145,1143,1144,0,0,0,0,0,0,0,0,1,1,1,0,6,6,0,0
1145,1145,1144,1146,1144,1145,0,0,0,0,0,0,0,0,1,1,1,0,6,6,0,0
1146,1146,1145,1147,1145,1146,0,0,0,0,0,0,0,0,1,1,1,0,6,6,0,0
1147,1147,1146,1,1146,1147,0,0,0,0,0,0,0,0,1,1,1,0,6,6,0,0
1148,1148,377,1149,1147,1148,0,0,0,0,0,0,0,0,1,1,1,0,6,6,0,0
1149,1149,1148,1150,1148,1149,0,0,0,0,0,0,0,0,1,1,1,0,6,6,0,0
1150,1150,1149,1151,1149,1150,0,0,0,0,0,0,0,0,1,1,1,0,6,6,0,0
1151,1151,1150,1152,1150,1151,0,0,0,0,0,0,0,0,1,1,1,0,6,6,0,0
1152,1152,1151,1153,1151,1152,0,0,0,0,0,0,0,0,1,1,1,0,6,6,0,0
1153,1153,1152,1154,1152,1153,0,0,0,0,0,0,0,0,1,1,1,0,6,6,0,0
1154,1154,1153,137,1153,1154,0,0,0,0,0,0,0,0,1,1,1,0,6,6,0,0
1155,1155,136,1156,1154,1155,0,0,0,0,0,0,0,0,1,1,1,0,6,6,0,0
1156,1156,1155,1157,1155,1156,0,0,0,0,0,0,0,0,1,1,1,0,6,6,0,0
1157,1157,1156,1158,1156,1157,0,0,0,0,0,0,0,0,1,1,1,0,6,6,0,0
1158,1158,1157,1159,1157,1158,0,0,0,0,0,0,0,0,1,1,1,0,6,6,0,0
1159,1159,1158,1160,1158,1159,0,0,0,0,0,0,0,0,1,1,1,0,6,6,0,0
1160,1160,1159,1161,1159,1160,0,0,0,0,0,0,0,0,1,1,1,0,6,6,0,0
1161,1161,1160,1162,1160,1161,0,0,0,0,0,0,0,0,1,1,1,0,6,6,0,0
1162,1162,1161,1163,1161,1162,0,0,0,0,0,0,0,0,1,1,1,0,6,6,0,0
1163,1163,1162,1164,1162,1163,0,0,0,0,0,0,0,0,1,1,1,0,6,6,0,0
1164,1164,1163,1165,1163,1164,0,0,0,0,0,0,0,0,1,1,1,0,6,6,0,0
1165,1165,1164,1166,1164,1165,0,0,0,0,0,0,0,0,1,1,1,0,6,6,0,0
1166,1166,1165,152,1165,1166,0,0,0,0,0,0,0,0,1,1,1,0,6,6,0,0
1167,1167,658,1168,1166,1167,0,0,0,0,0,0,0,0,1,1,1,0,6,6,0,0
1168,1168,1167,1169,1167,1168,0,0,0,0,0,0,0,0,1,1,1,0,6,6,0,0
1169,1169,1168,1170,1168,1169,0,0,0,0,0,0,0,0,1,1,1,0,6,6,0,0
1170,1170,1169,1171,1169,1170,0,0,0,0,0,0,0,0,1,1,1,0,6,6,0,0
1171,1171,1170,1172,1170,1171,0,0,0,0,0,0,0,0,1,1,1,0,6,6,0,0
1172,1172,1171,1173,1171,1172,0,0,0,0,0,0,0,0,1,1,1,0,6,6,0,0
1173,1173,1172,152,1172,1173,0,0,0,0,0,0,0,0,1,1,1,0,6,6,0,0
1174,1174,377,1175,1173,1174,0,0,0,0,0,0,0,0,1,1,1,0,6,6,0,0
1175,1175,1174,1176,1174,1175,0,0,0,0,0,0,0,0,1,1,1,0,6,6,0,0
1176,1176,1175,1177,1175,1176,0,0,0,0,0,0,0,0,1,1,1,0,6,6,0,0
1177,1177,1176,1178,1176,1177,0,0,0,0,0,0,0,0,1,1,1,0,6,6,0,0
1178,1178,1177,1179,1177,1178,0,0,0,0,0,0,0,0,1,1,1,0,6,6,0,0
1179,1179,1178,1180,1178,1179,0,0,0,0,0,0,0,0,1,1,1,0,6,6,0,0
1180,1180,1179,1181,1179,1180,0,0,0,0,0,0,0,0,1,1,1,0,6,6,0,0
1181,1181,1180,1182,1180,1181,0,0,0,0,0,0,0,0,1,1,1,0,6,6,0,0
1182,1182,1181,1183,1181,1182,0,0,0,0,0,0,0,0,1,1,1,0,6,6,0,0
1183,1183,1182,1184,1182,1183,0,0,0,0,0,0,0,0,1,1,1,0,6,6,0,0
1184,1184,1183,1185,1183,1184,0,0,0,0,0,0,0,0,1,1,1,0,6,6,0,0
1185,1185,1184,1186,1184,1185,0,0,0,0,0,0,0,0,1,1,1,0,6,6,0,0
1186,1186,1185,659,1185,1186,0,0,0,0,0,0,0,0,1,1,1,0,6,6,0,0
1187,1187,136,1188,1186,1187,0,0,0,0,0,0,0,0,1,1,1,0,6,6,0,0
1188,1188,1187,1189,1187,1188,0,0,0,0,0,0,0,0,1,1,1,0,6,6,0,0
1189,1189,1188,1190,1188,1189,0,0,0,0,0,0,0,0,1,1,1,0,6,6,0,0
1190,1190,1189,1191,1189,1190,0,0,0,0,0,0,0,0,1,1,1,0,6,6,0,0
1191,1191,1190,1192,1190,1191,0,0,0,0,0,0,0,0,1,1,1,0,6,6,0,0
1192,1192,1191,1193,1191,1192,0,0,0,0,0,0,0,0,1,1,1,0,6,6,0,0
1193,1193,1192,1,1192,1193,0,0,0,0,0,0,0,0,1,1,1,0,6,6,0,0
1194,1194,120,1195,1193,1194,0,0,0,0,0,0,0,0,1,1,1,0,6,6,0,0
1195,1195,1194,1196,1194,1195,0,0,0,0,0,0,0,0,1,1,1,0,6,6,0,0
1196,1196,1195,1197,1195,1196,0,0,0,0,0,0,0,0,1,1,1,0,6,6,0,0
1197,1197,1196,1198,1196,1197,0,0,0,0,0,0,0,0,1,1,1,0,6,6,0,0
1198,1198,1197,1199,1197,1198,0,0,0,0,0,0,0,0,1,1,1,0,6,6,0,0
1199,1199,1198,1200,1198,1199,0,0,0,0,0,0,0,0,1,1,1,0,6,6,0,0
1200,1200,1199,1201,1199,1200,0,0,0,0,0,0,0,0,1,1,1,0,6,6,0,0
1201,1201,1200,1202,1200,1201,0,0,0,0,0,0,0,0,1,1,1,0,6,6,0,0
1202,1202,1201,1203,1201,1202,0,0,0,0,0,0,0,0,1,1,1,0,6,6,0,0
1203,1203,1202,1204,1202,1203,0,0,0,0,0,0,0,0,1,1,1,0,6,6,0,0
1204,1204,1203,1205,1203,1204,0,0,0,0,0,0,0,0,1,1,1,0,6,6,0,0
1205,1205,1204,1206,1204,1205,0,0,0,0,0,0,0,0,1,1,1,0,6,6,0,0
1206,1206,1205,137,1205,1206,0,0,0,0,0,0,0,0,1,1,1,0,6,6,0,0
1207,1207,262,1208,1206,1207,0,0,0,0,0,0,0,0,1,1,1,0,6,6,0,0
1208,1208,1207,1209,1207,1208,0,0,0,0,0,0,0,0,1,1,1,0,6,6,0,0
1209,1209,1208,1210,1208,1209,0,0,0,0,0,0,0,0,1,1,1,0,6,6,0,0
1210,1210,1209,1211,1209,1210,0,0,0,0,0,0,0,0,1,1,1,0,6,6,0,0
1211,1211,1210,1212,1210,1211,0,0,0,0,0,0,0,0,1,1,1,0,6,6,0,0
1212,1212,1211,1213,1211,1212,0,0,0,0,0,0,0,0,1,1,1,0,6,6,0,0
1213,1213,1212,1214,1212,1213,0,0,0,0,0,0,0,0,1,1,1,0,6,6,0,0
1214,1214,1213,1215,1213,1214,0,0,0,0,0,0,0,0,1,1,1,0,6,6,0,0
1215,1215,1214,1216,1214,1215,0,0,0,0,0,0,0,0,1,1,1,0,6,6,0,0
1216,1216,1215,1217,1215,1216,0,0,0,0,0,0,0,0,1,1,1,0,6,6,0,0
1217,1217,1216,408,1216,1217,0,0,0,0,0,0,0,0,1,1,1,0,6,6,0,0
1218,1218,538,1219,1217,1218,0,0,0,0,0,0,0,0,1,1,1,0,6,6,0,0
1219,1219,1218,1220,1218,1219,0,0,0,0,0,0,0,0,1,1,1,0,6,6,0,0
1220,1220,1219,1221,1219,1220,0,0,0,0,0,0,0,0,1,1,1,0,6,6,0,0
1221,1221,1220,1222,1220,1221,0,0,0,0,0,0,0,0,1,1,1,0,6,6,0,0
1222,1222,1221,1223,1221,1222,0,0,0,0,0,0,0,0,1,1,1,0,6,6,0,0
1223,1223,1222,1224,1222,1223,0,0,0,0,0,0,0,0,1,1,1,0,6,6,0,0
1224,1224,1223,1225,1223,1224,0,0,0,0,0,0,0,0,1,1,1,0,6,6,0,0
1225,1225,1224,1226,1224,1225,0,0,0,0,0,0,0,0,1,1,1,0,6,6,0,0
1226,1226,1225,1227,1225,1226,0,0,0,0,0,0,0,0,1,1,1,0,6,6,0,0
1227,1227,1226,1228,1226,1227,0,0,0,0,0,0,0,0,1,1,1,0,6,6,0,0
1228,1228,1227,1229,1227,1228,0,0,0,0,0,0,0,0,1,1,1,0,6,6,0,0
1229,1229,1228,263,1228,1229,0,0,0,0,0,0,0,0,1,1,1,0,6,6,0,0
1230,1230,407,1231,1229,1230,0,0,0,0,0,0,0,0,1,1,1,0,6,6,0,0
1231,1231,1230,1232,1230,1231,0,0,0,0,0,0,0,0,1,1,1,0,6,6,0,0
1232,1232,1231,1233,1231,1232,0,0,0,0,0,0,0,0,1,1,1,0,6,6,0,0
1233,1233,1232,1234,1232,1233,0,0,0,0,0,0,0,0,1,1,1,0,6,6,0,0
1234,1234,1233,1235,1233,1234,0,0,0,0,0,0,0,0,1,1,1,0,6,6,0,0
1235,1235,1234,1236,1234,1235,0,0,0,0,0,0,0,0,1,1,1,0,6,6,0,0
1236,1236,1235,1237,1235,1236,0,0,0,0,0,0,0,0,1,1,1,0,6,6,0,0
1237,1237,1236,263,1236,1237,0,0,0,0,0,0,0,0,1,1,1,0,6,6,0,0
1238,1238,262,1239,1237,1238,0,0,0,0,0,0,0,0,1,1,1,0,6,6,0,0
1239,1239,1238,1240,1238,1239,0,0,0,0,0,0,0,0,1,1,1,0,6,6,0,0
1240,1240,1239,1241,1239,1240,0,0,0,0,0,0,0,0,1,1,1,0,6,6,0,0
1241,1241,1240,1242,1240,1241,0,0,0,0,0,0,0,0,1,1,1,0,6,6,0,0
1242,1242,1241,1243,1241,1242,0,0,0,0,0,0,0,0,1,1,1,0,6,6,0,0
1243,1243,1242,1244,1242,1243,0,0,0,0,0,0,0,0,1,1,1,0,6,6,0,0
1244,1244,1243,1245,1243,1244,0,0,0,0,0,0,0,0,1,1,1,0,6,6,0,0
1245,1245,1244,1246,1244,1245,0,0,0,0,0,0,0,0,1,1,1,0,6,6,0,0
1246,1246,1245,1247,1245,1246,0,0,0,0,0,0,0,0,1,1,1,0,6,6,0,0
1247,1247,1246,1248,1246,1247,0,0,0,0,0,0,0,0,1,1,1,0,6,6,0,0
1248,1248,1247,1249,1247,1248,0,0,0,0,0,0,0,0,1,1,1,0,6,6,0,0
1249,1249,1248,1250,1248,1249,0,0,0,0,0,0,0,0,1,1,1,0,6,6,0,0
1250,1250,1249,378,1249,1250,0,0,0,0,0,0,0,0,1,1,1,0,6,6,0,0
1251,1251,538,1252,1250,1251,0,0,0,0,0,0,0,0,1,1,1,0,6,6,0,0
1252,1252,1251,1253,1251,1252,0,0,0,0,0,0,0,0,1,1,1,0,6,6,0,0
1253,1253,1252,1254,1252,1253,0,0,0,0,0,0,0,0,1,1,1,0,6,6,0,0
1254,1254,1253,1255,1253,1254,0,0,0,0,0,0,0,0,1,1,1,0,6,6,0,0
1255,1255,1254,1256,1254,1255,0,0,0,0,0,0,0,0,1,1,1,0,6,6,0,0
1256,1256,1255,1257,1255,1256,0,0,0,0,0,0,0,0,1,1,1,0,6,6,0,0
1257,1257,1256,378,1256,1257,0,0,0,0,0,0,0,0,1,1,1,0,6,6,0,0
1258,1258,407,1259,1257,1258,0,0,0,0,0,0,0,0,1,1,1,0,6,6,0,0
1259,1259,1258,1260,1258,1259,0,0,0,0,0,0,0,0,1,1,1,0,6,6,0,0
1260,1260,1259,1261,1259,1260,0,0,0,0,0,0,0,0,1,1,1,0,6,6,0,0
1261,1261,1260,1262,1260,1261,0,0,0,0,0,0,0,0,1,1,1,0,6,6,0,0
1262,1262,1261,1263,1261,1262,0,0,0,0,0,0,0,0,1,1,1,0,6,6,0,0
1263,1263,1262,1264,1262,1263,0,0,0,0,0,0,0,0,1,1,1,0,6,6,0,0
1264,1264,1263,1265,1263,1264,0,0,0,0,0,0,0,0,1,1,1,0,6,6,0,0
1265,1265,1264,1266,1264,1265,0,0,0,0,0,0,0,0,1,1,1,0,6,6,0,0
1266,1266,1265,1267,1265,1266,0,0,0,0,0,0,0,0,1,1,1,0,6,6,0,0
1267,1267,1266,1268,1266,1267,0,0,0,0,0,0,0,0,1,1,1,0,6,6,0,0
1268,1268,1267,1269,1267,1268,0,0,0,0,0,0,0,0,1,1,1,0,6,6,0,0
1269,1269,1268,1270,1268,1269,0,0,0,0,0,0,0,0,1,1,1,0,6,6,0,0
1270,1270,1269,408,1269,1270,0,0,0,0,0,0,0,0,1,1,1,0,6,6,0,0
1271,1271,469,1272,1270,1271,0,0,0,0,0,0,0,0,1,1,1,0,6,6,0,0
1272,1272,1271,1273,1271,1272,0,0,0,0,0,0,0,0,1,1,1,0,6,6,0,0
1273,1273,1272,1274,1272,1273,0,0,0,0,0,0,0,0,1,1,1,0,6,6,0,0
1274,1274,1273,1275,1273,1274,0,0,0,0,0,0,0,0,1,1,1,0,6,6,0,0
1275,1275,1274,1276,1274,1275,0,0,0,0,0,0,0,0,1,1,1,0,6,6,0,0
1276,1276,1275,1277,1275,1276,0,0,0,0,0,0,0,0,1,1,1,0,6,6,0,0
1277,1277,1276,1278,1276,1277,0,0,0,0,0,0,0,0,1,1,1,0,6,6,0,0
1278,1278,1277,1279,1277,1278,0,0,0,0,0,0,0,0,1,1,1,0,6,6,0,0
1279,1279,1278,1280,1278,1279,0,0,0,0,0,0,0,0,1,1,1,0,6,6,0,0
1280,1280,1279,1281,1279,1280,0,0,0,0,0,0,0,0,1,1,1,0,6,6,0,0
1281,1281,1280,1282,1280,1281,0,0,0,0,0,0,0,0,1,1,1,0,6,6,0,0
1282,1282,1281,1283,1281,1282,0,0,0,0,0,0,0,0,1,1,1,0,6,6,0,0
1283,1283,1282,1284,1282,1283,0,0,0,0,0,0,0,0,1,1,1,0,6,6,0,0
1284,1284,1283,1285,1283,1284,0,0,0,0,0,0,0,0,1,1,1,0,6,6,0,0
1285,1285,1284,1286,1284,1285,0,0,0,0,0,0,0,0,1,1,1,0,6,6,0,0
1286,1286,1285,780,1285,1286,0,0,0,0,0,0,0,0,1,1,1,0,6,6,0,0
1287,1287,860,1288,1286,1287,0,0,0,0,0,0,0,0,1,1,1,0,6,6,0,0
1288,1288,1287,1289,1287,1288,0,0,0,0,0,0,0,0,1,1,1,0,6,6,0,0
1289,1289,1288,1290,1288,1289,0,0,0,0,0,0,0,0,1,1,1,0,6,6,0,0
1290,1290,1289,1291,1289,1290,0,0,0,0,0,0,0,0,1,1,1,0,6,6,0,0
1291,1291,1290,1292,1290,1291,0,0,0,0,0,0,0,0,1,1,1,0,6,6,0,0
1292,1292,1291,1293,1291,1292,0,0,0,0,0,0,0,0,1,1,1,0,6,6,0,0
1293,1293,1292,1294,1292,1293,0,0,0,0,0,0,0,0,1,1,1,0,6,6,0,0
1294,1294,1293,1295,1293,1294,0,0,0,0,0,0,0,0,1,1,1,0,6,6,0,0
1295,1295,1294,1296,1294,1295,0,0,0,0,0,0,0,0,1,1,1,0,6,6,0,0
1296,1296,1295,1297,1295,1296,0,0,0,0,0,0,0,0,1,1,1,0,6,6,0,0
1297,1297,1296,1298,1296,1297,0,0,0,0,0,0,0,0,1,1,1,0,6,6,0,0
1298,1298,1297,1299,1297,1298,0,0,0,0,0,0,0,0,1,1,1,0,6,6,0,0
1299,1299,1298,1300,1298,1299,0,0,0,0,0,0,0,0,1,1,1,0,6,6,0,0
1300,1300,1299,1301,1299,1300,0,0,0,0,0,0,0,0,1,1,1,0,6,6,0,0
1301,1301,1300,1302,1300,1301,0,0,0,0,0,0,0,0,1,1,1,0,6,6,0,0
1302,1302,1301,1303,1301,1302,0,0,0,0,0,0,0,0,1,1,1,0,6,6,0,0
1303,1303,1302,470,1302,1303,0,0,0,0,0,0,0,0,1,1,1,0,6,6,0,0
1304,1304,469,1305,1303,1304,0,0,0,0,0,0,0,0,1,1,1,0,6,6,0,0
1305,1305,1304,1306,1304,1305,0,0,0,0,0,0,0,0,1,1,1,0,6,6,0,0
1306,1306,1305,1307,1305,1306,0,0,0,0,0,0,0,0,1,1,1,0,6,6,0,0
1307,1307,1306,1308,1306,1307,0,0,0,0,0,0,0,0,1,1,1,0,6,6,0,0
1308,1308,1307,1309,1307,1308,0,0,0,0,0,0,0,0,1,1,1,0,6,6,0,0
1309,1309,1308,1310,1308,1309,0,0,0,0,0,0,0,0,1,1,1,0,6,6,0,0
1310,1310,1309,1311,1309,1310,0,0,0,0,0,0,0,0,1,1,1,0,6,6,0,0
1311,1311,1310,1312,1310,1311,0,0,0,0,0,0,0,0,1,1,1,0,6,6,0,0
1312,1312,1311,1313,1311,1312,0,0,0,0,0,0,0,0,1,1,1,0,6,6,0,0
1313,1313,1312,539,1312,1313,0,0,0,0,0,0,0,0,1,1,1,0,6,6,0,0
1314,1314,779,1315,1313,1314,0,0,0,0,0,0,0,0,1,1,1,0,6,6,0,0
1315,1315,1314,1316,1314,1315,0,0,0,0,0,0,0,0,1,1,1,0,6,6,0,0
1316,1316,1315,1317,1315,1316,0,0,0,0,0,0,0,0,1,1,1,0,6,6,0,0
1317,1317,1316,1318,1316,1317,0,0,0,0,0,0,0,0,1,1,1,0,6,6,0,0
1318,1318,1317,1319,1317,1318,0,0,0,0,0,0,0,0,1,1,1,0,6,6,0,0
1319,1319,1318,1320,1318,1319,0,0,0,0,0,0,0,0,1,1,1,0,6,6,0,0
1320,1320,1319,1321,1319,1320,0,0,0,0,0,0,0,0,1,1,1,0,6,6,0,0
1321,1321,1320,1322,1320,1321,0,0,0,0,0,0,0,0,1,1,1,0,6,6,0,0
1322,1322,1321,1323,1321,1322,0,0,0,0,0,0,0,0,1,1,1,0,6,6,0,0
1323,1323,1322,1324,1322,1323,0,0,0,0,0,0,0,0,1,1,1,0,6,6,0,0
1324,1324,1323,1325,1323,1324,0,0,0,0,0,0,0,0,1,1,1,0,6,6,0,0
1325,1325,1324,1326,1324,1325,0,0,0,0,0,0,0,0,1,1,1,0,6,6,0,0
1326,1326,1325,1327,1325,1326,0,0,0,0,0,0,0,0,1,1,1,0,6,6,0,0
1327,1327,1326,1328,1326,1327,0,0,0,0,0,0,0,0,1,1,1,0,6,6,0,0
1328,1328,1327,1329,1327,1328,0,0,0,0,0,0,0,0,1,1,1,0,6,6,0,0
1329,1329,1328,1330,1328,1329,0,0,0,0,0,0,0,0,1,1,1,0,6,6,0,0
1330,1330,1329,470,1329,1330,0,0,0,0,0,0,0,0,1,1,1,0,6,6,0,0
1331,1331,779,1332,1330,1331,0,0,0,0,0,0,0,0,1,1,1,0,6,6,0,0
1332,1332,1331,1333,1331,1332,0,0,0,0,0,0,0,0,1,1,1,0,6,6,0,0
1333,1333,1332,1334,1332,1333,0,0,0,0,0,0,0,0,1,1,1,0,6,6,0,0
1334,1334,1333,1335,1333,1334,0,0,0,0,0,0,0,0,1,1,1,0,6,6,0,0
1335,1335,1334,1336,1334,1335,0,0,0,0,0,0,0,0,1,1,1,0,6,6,0,0
1336,1336,1335,1337,1335,1336,0,0,0,0,0,0,0,0,1,1,1,0,6,6,0,0
1337,1337,1336,1338,1336,1337,0,0,0,0,0,0,0,0,1,1,1,0,6,6,0,0
1338,1338,1337,1339,1337,1338,0,0,0,0,0,0,0,0,1,1,1,0,6,6,0,0
1339,1339,1338,1340,1338,1339,0,0,0,0,0,0,0,0,1,1,1,0,6,6,0,0
1340,1340,1339,1341,1339,1340,0,0,0,0,0,0,0,0,1,1,1,0,6,6,0,0
1341,1341,1340,780,1340,1341,0,0,0,0,0,0,0,0,1,1,1,0,6,6,0,0
1342,1342,860,1343,1341,1342,0,0,0,0,0,0,0,0,1,1,1,0,6,6,0,0
1343,1343,1342,1344,1342,1343,0,0,0,0,0,0,0,0,1,1,1,0,6,6,0,0
1344,1344,1343,1345,1343,1344,0,0,0,0,0,0,0,0,1,1,1,0,6,6,0,0
1345,1345,1344,1346,1344,1345,0,0,0,0,0,0,0,0,1,1,1,0,6,6,0,0
1346,1346,1345,1347,1345,1346,0,0,0,0,0,0,0,0,1,1,1,0,6,6,0,0
1347,1347,1346,1348,1346,1347,0,0,0,0,0,0,0,0,1,1,1,0,6,6,0,0
1348,1348,1347,1349,1347,1348,0,0,0,0,0,0,0,0,1,1,1,0,6,6,0,0
1349,1349,1348,1350,1348,1349,0,0,0,0,0,0,0,0,1,1,1,0,6,6,0,0
1350,1350,1349,1351,1349,1350,0,0,0,0,0,0,0,0,1,1,1,0,6,6,0,0
1351,1351,1350,1352,1350,1351,0,0,0,0,0,0,0,0,1,1,1,0,6,6,0,0
1352,1352,1351,1353,1351,1352,0,0,0,0,0,0,0,0,1,1,1,0,6,6,0,0
1353,1353,1352,1354,1352,1353,0,0,0,0,0,0,0,0,1,1,1,0,6,6,0,0
1354,1354,1353,1355,1353,1354,0,0,0,0,0,0,0,0,1,1,1,0,6,6,0,0
1355,1355,1354,1356,1354,1355,0,0,0,0,0,0,0,0,1,1,1,0,6,6,0,0
1356,1356,1355,1357,1355,1356,0,0,0,0,0,0,0,0,1,1,1,0,6,6,0,0
1357,1357,1356,1358,1356,1357,0,0,0,0,0,0,0,0,1,1,1,0,6,6,0,0
1358,1358,1357,539,1357,1358,0,0,0,0,0,0,0,0,1,1,1,0,6,6,0,0
1359,1359,1078,1360,1358,1359,0,0,0,0,0,0,0,0,1,1,1,0,6,6,0,0
1360,1360,1359,1361,1359,1360,0,0,0,0,0,0,0,0,1,1,1,0,6,6,0,0
1361,1361,1360,1362,1360,1361,0,0,0,0,0,0,0,0,1,1,1,0,6,6,0,0
1362,1362,1361,1363,1361,1362,0,0,0,0,0,0,0,0,1,1,1,0,6,6,0,0
1363,1363,1362,1364,1362,1363,0,0,0,0,0,0,0,0,1,1,1,0,6,6,0,0
1364,1364,1363,1365,1363,1364,0,0,0,0,0,0,0,0,1,1,1,0,6,6,0,0
1365,1365,1364,1366,1364,1365,0,0,0,0,0,0,0,0,1,1,1,0,6,6,0,0
1366,1366,1365,1367,1365,1366,0,0,0,0,0,0,0,0,1,1,1,0,6,6,0,0
1367,1367,1366,1368,1366,1367,0,0,0,0,0,0,0,0,1,1,1,0,6,6,0,0
1368,1368,1367,1369,1367,1368,0,0,0,0,0,0,0,0,1,1,1,0,6,6,0,0
1369,1369,1368,861,1368,1369,0,0,0,0,0,0,0,0,1,1,1,0,6,6,0,0
1370,1370,872,1371,1369,1370,0,0,0,0,0,0,0,0,1,1,1,0,6,6,0,0
1371,1371,1370,1372,1370,1371,0,0,0,0,0,0,0,0,1,1,1,0,6,6,0,0
1372,1372,1371,1373,1371,1372,0,0,0,0,0,0,0,0,1,1,1,0,6,6,0,0
1373,1373,1372,1374,1372,1373,0,0,0,0,0,0,0,0,1,1,1,0,6,6,0,0
1374,1374,1373,1375,1373,1374,0,0,0,0,0,0,0,0,1,1,1,0,6,6,0,0
1375,1375,1374,1376,1374,1375,0,0,0,0,0,0,0,0,1,1,1,0,6,6,0,0
1376,1376,1375,1377,1375,1376,0,0,0,0,0,0,0,0,1,1,1,0,6,6,0,0
1377,1377,1376,1378,1376,1377,0,0,0,0,0,0,0,0,1,1,1,0,6,6,0,0
1378,1378,1377,1379,1377,1378,0,0,0,0,0,0,0,0,1,1,1,0,6,6,0,0
1379,1379,1378,1380,1378,1379,0,0,0,0,0,0,0,0,1,1,1,0,6,6,0,0
1380,1380,1379,950,1379,1380,0,0,0,0,0,0,0,0,1,1,1,0,6,6,0,0
1381,1381,820,1382,1380,1381,0,0,0,0,0,0,0,0,1,1,1,0,6,6,0,0
1382,1382,1381,1383,1381,1382,0,0,0,0,0,0,0,0,1,1,1,0,6,6,0,0
1383,1383,1382,1384,1382,1383,0,0,0,0,0,0,0,0,1,1,1,0,6,6,0,0
1384,1384,1383,1385,1383,1384,0,0,0,0,0,0,0,0,1,1,1,0,6,6,0,0
1385,1385,1384,1386,1384,1385,0,0,0,0,0,0,0,0,1,1,1,0,6,6,0,0
1386,1386,1385,1387,1385,1386,0,0,0,0,0,0,0,0,1,1,1,0,6,6,0,0
1387,1387,1386,950,1386,1387,0,0,0,0,0,0,0,0,1,1,1,0,6,6,0,0
1388,1388,1078,1389,1387,1388,0,0,0,0,0,0,0,0,1,1,1,0,6,6,0,0
1389,1389,1388,1390,1388,1389,0,0,0,0,0,0,0,0,1,1,1,0,6,6,0,0
1390,1390,1389,1391,1389,1390,0,0,0,0,0,0,0,0,1,1,1,0,6,6,0,0
1391,1391,1390,1392,1390,1391,0,0,0,0,0,0,0,0,1,1,1,0,6,6,0,0
1392,1392,1391,1393,1391,1392,0,0,0,0,0,0,0,0,1,1,1,0,6,6,0,0
1393,1393,1392,1394,1392,1393,0,0,0,0,0,0,0,0,1,1,1,0,6,6,0,0
1394,1394,1393,1395,1393,1394,0,0,0,0,0,0,0,0,1,1,1,0,6,6,0,0
1395,1395,1394,1396,1394,1395,0,0,0,0,0,0,0,0,1,1,1,0,6,6,0,0
1396,1396,1395,1397,1395,1396,0,0,0,0,0,0,0,0,1,1,1,0,6,6,0,0
1397,1397,1396,1398,1396,1397,0,0,0,0,0,0,0,0,1,1,1,0,6,6,0,0
1398,1398,1397,1399,1397,1398,0,0,0,0,0,0,0,0,1,1,1,0,6,6,0,0
1399,1399,1398,1400,1398,1399,0,0,0,0,0,0,0,0,1,1,1,0,6,6,0,0
1400,1400,1399,821,1399,1400,0,0,0,0,0,0,0,0,1,1,1,0,6,6,0,0
1401,1401,872,1402,1400,1401,0,0,0,0,0,0,0,0,1,1,1,0,6,6,0,0
1402,1402,1401,1403,1401,1402,0,0,0,0,0,0,0,0,1,1,1,0,6,6,0,0
1403,1403,1402,1404,1402,1403,0,0,0,0,0,0,0,0,1,1,1,0,6,6,0,0
1404,1404,1403,1405,1403,1404,0,0,0,0,0,0,0,0,1,1,1,0,6,6,0,0
1405,1405,1404,1406,1404,1405,0,0,0,0,0,0,0,0,1,1,1,0,6,6,0,0
1406,1406,1405,1407,1405,1406,0,0,0,0,0,0,0,0,1,1,1,0,6,6,0,0
1407,1407,1406,1408,1406,1407,0,0,0,0,0,0,0,0,1,1,1,0,6,6,0,0
1408,1408,1407,821,1407,1408,0,0,0,0,0,0,0,0,1,1,1,0,6,6,0,0
1409,1409,820,1410,1408,1409,0,0,0,0,0,0,0,0,1,1,1,0,6,6,0,0
1410,1410,1409,1411,1409,1410,0,0,0,0,0,0,0,0,1,1,1,0,6,6,0,0
1411,1411,1410,1412,1410,1411,0,0,0,0,0,0,0,0,1,1,1,0,6,6,0,0
1412,1412,1411,1413,1411,1412,0,0,0,0,0,0,0,0,1,1,1,0,6,6,0,0
1413,1413,1412,1414,1412,1413,0,0,0,0,0,0,0,0,1,1,1,0,6,6,0,0
1414,1414,1413,1415,1413,1414,0,0,0,0,0,0,0,0,1,1,1,0,6,6,0,0
1415,1415,1414,1416,1414,1415,0,0,0,0,0,0,0,0,1,1,1,0,6,6,0,0
1416,1416,1415,1417,1415,1416,0,0,0,0,0,0,0,0,1,1,1,0,6,6,0,0
1417,1417,1416,1418,1416,1417,0,0,0,0,0,0,0,0,1,1,1,0,6,6,0,0
1418,1418,1417,1419,1417,1418,0,0,0,0,0,0,0,0,1,1,1,0,6,6,0,0
1419,1419,1418,1420,1418,1419,0,0,0,0,0,0,0,0,1,1,1,0,6,6,0,0
1420,1420,1419,1421,1419,1420,0,0,0,0,0,0,0,0,1,1,1,0,6,6,0,0
1421,1421,1420,861,1420,1421,0,0,0,0,0,0,0,0,1,1,1,0,6,6,0,0
1422,1422,866,1423,1421,1422,0,0,0,0,0,0,0,0,1,1,1,0,6,6,0,0
1423,1423,1422,1424,1422,1423,0,0,0,0,0,0,0,0,1,1,1,0,6,6,0,0
1424,1424,1423,1425,1423,1424,0,0,0,0,0,0,0,0,1,1,1,0,6,6,0,0
1425,1425,1424,1426,1424,1425,0,0,0,0,0,0,0,0,1,1,1,0,6,6,0,0
1426,1426,1425,1427,1425,1426,0,0,0,0,0,0,0,0,1,1,1,0,6,6,0,0
1427,1427,1426,1428,1426,1427,0,0,0,0,0,0,0,0,1,1,1,0,6,6,0,0
1428,1428,1427,1429,1427,1428,0,0,0,0,0,0,0,0,1,1,1,0,6,6,0,0
1429,1429,1428,1430,1428,1429,0,0,0,0,0,0,0,0,1,1,1,0,6,6,0,0
1430,1430,1429,1431,1429,1430,0,0,0,0,0,0,0,0,1,1,1,0,6,6,0,0
1431,1431,1430,1432,1430,1431,0,0,0,0,0,0,0,0,1,1,1,0,6,6,0,0
1432,1432,1431,1433,1431,1432,0,0,0,0,0,0,0,0,1,1,1,0,6,6,0,0
1433,1433,1432,1434,1432,1433,0,0,0,0,0,0,0,0,1,1,1,0,6,6,0,0
1434,1434,1433,1435,1433,1434,0,0,0,0,0,0,0,0,1,1,1,0,6,6,0,0
1435,1435,1434,1436,1434,1435,0,0,0,0,0,0,0,0,1,1,1,0,6,6,0,0
1436,1436,1435,904,1435,1436,0,0,0,0,0,0,0,0,1,1,1,0,6,6,0,0
1437,1437,949,1438,1436,1437,0,0,0,0,0,0,0,0,1,1,1,0,6,6,0,0
1438,1438,1437,1439,1437,1438,0,0,0,0,0,0,0,0,1,1,1,0,6,6,0,0
1439,1439,1438,1440,1438,1439,0,0,0,0,0,0,0,0,1,1,1,0,6,6,0,0
1440,1440,1439,1441,1439,1440,0,0,0,0,0,0,0,0,1,1,1,0,6,6,0,0
1441,1441,1440,1442,1440,1441,0,0,0,0,0,0,0,0,1,1,1,0,6,6,0,0
1442,1442,1441,1443,1441,1442,0,0,0,0,0,0,0,0,1,1,1,0,6,6,0,0
1443,1443,1442,1444,1442,1443,0,0,0,0,0,0,0,0,1,1,1,0,6,6,0,0
1444,1444,1443,1445,1443,1444,0,0,0,0,0,0,0,0,1,1,1,0,6,6,0,0
1445,1445,1444,1446,1444,1445,0,0,0,0,0,0,0,0,1,1,1,0,6,6,0,0
1446,1446,1445,1447,1445,1446,0,0,0,0,0,0,0,0,1,1,1,0,6,6,0,0
1447,1447,1446,1448,1446,1447,0,0,0,0,0,0,0,0,1,1,1,0,6,6,0,0
1448,1448,1447,1449,1447,1448,0,0,0,0,0,0,0,0,1,1,1,0,6,6,0,0
1449,1449,1448,1450,1448,1449,0,0,0,0,0,0,0,0,1,1,1,0,6,6,0,0
1450,1450,1449,1451,1449,1450,0,0,0,0,0,0,0,0,1,1,1,0,6,6,0,0
1451,1451,1450,867,1450,1451,0,0,0,0,0,0,0,0,1,1,1,0,6,6,0,0
1452,1452,0,1453,1451,1452,0,0,0,0,0,0,0,0,1,1,1,0,6,6,0,0
1453,1453,1452,1454,1452,1453,0,0,0,0,0,0,0,0,1,1,1,0,6,6,0,0
1454,1454,1453,1455,1453,1454,0,0,0,0,0,0,0,0,1,1,1,0,6,6,0,0
1455,1455,1454,1456,1454,1455,0,0,0,0,0,0,0,0,1,1,1,0,6,6,0,0
1456,1456,1455,1457,1455,1456,0,0,0,0,0,0,0,0,1,1,1,0,6,6,0,0
1457,1457,1456,1458,1456,1457,0,0,0,0,0,0,0,0,1,1,1,0,6,6,0,0
1458,1458,1457,1459,1457,1458,0,0,0,0,0,0,0,0,1,1,1,0,6,6,0,0
1459,1459,1458,1460,1458,1459,0,0,0,0,0,0,0,0,1,1,1,0,6,6,0,0
1460,1460,1459,1461,1459,1460,0,0,0,0,0,0,0,0,1,1,1,0,6,6,0,0
1461,1461,1460,1462,1460,1461,0,0,0,0,0,0,0,0,1,1,1,0,6,6,0,0
1462,1462,1461,1463,1461,1462,0,0,0,0,0,0,0,0,1,1,1,0,6,6,0,0
1463,1463,1462,1464,1462,1463,0,0,0,0,0,0,0,0,1,1,1,0,6,6,0,0
1464,1464,1463,1465,1463,1464,0,0,0,0,0,0,0,0,1,1,1,0,6,6,0,0
1465,1465,1464,873,1464,1465,0,0,0,0,0,0,0,0,1,1,1,0,6,6,0,0
1466,1466,903,1467,1465,1466,0,0,0,0,0,0,0,0,1,1,1,0,6,6,0,0
1467,1467,1466,1468,1466,1467,0,0,0,0,0,0,0,0,1,1,1,0,6,6,0,0
1468,1468,1467,1469,1467,1468,0,0,0,0,0,0,0,0,1,1,1,0,6,6,0,0
1469,1469,1468,1470,1468,1469,0,0,0,0,0,0,0,0,1,1,1,0,6,6,0,0
1470,1470,1469,1471,1469,1470,0,0,0,0,0,0,0,0,1,1,1,0,6,6,0,0
1471,1471,1470,1472,1470,1471,0,0,0,0,0,0,0,0,1,1,1,0,6,6,0,0
1472,1472,1471,1473,1471,1472,0,0,0,0,0,0,0,0,1,1,1,0,6,6,0,0
1473,1473,1472,1474,1472,1473,0,0,0,0,0,0,0,0,1,1,1,0,6,6,0,0
1474,1474,1473,1475,1473,1474,0,0,0,0,0,0,0,0,1,1,1,0,6,6,0,0
1475,1475,1474,1476,1474,1475,0,0,0,0,0,0,0,0,1,1,1,0,6,6,0,0
1476,1476,1475,1477,1475,1476,0,0,0,0,0,0,0,0,1,1,1,0,6,6,0,0
1477,1477,1476,1478,1476,1477,0,0,0,0,0,0,0,0,1,1,1,0,6,6,0,0
1478,1478,1477,1479,1477,1478,0,0,0,0,0,0,0,0,1,1,1,0,6,6,0,0
1479,1479,1478,0,1478,1479,0,0,0,0,0,0,0,0,1,1,1,0,6,6,0,0
1480,1480,0,1481,1479,1480,0,0,0,0,0,0,0,0,1,1,1,0,6,6,0,0
1481,1481,1480,1482,1480,1481,0,0,0,0,0,0,0,0,1,1,1,0,6,6,0,0
1482,1482,1481,1483,1481,1482,0,0,0,0,0,0,0,0,1,1,1,0,6,6,0,0
1483,1483,1482,1484,1482,1483,0,0,0,0,0,0,0,0,1,1,1,0,6,6,0,0
1484,1484,1483,1485,1483,1484,0,0,0,0,0,0,0,0,1,1,1,0,6,6,0,0
1485,1485,1484,1486,1484,1485,0,0,0,0,0,0,0,0,1,1,1,0,6,6,0,0
1486,1486,1485,1487,1485,1486,0,0,0,0,0,0,0,0,1,1,1,0,6,6,0,0
1487,1487,1486,1488,1486,1487,0,0,0,0,0,0,0,0,1,1,1,0,6,6,0,0
1488,1488,1487,867,1487,1488,0,0,0,0,0,0,0,0,1,1,1,0,6,6,0,0
1489,1489,866,1490,1488,1489,0,0,0,0,0,0,0,0,1,1,1,0,6,6,0,0
1490,1490,1489,1491,1489,1490,0,0,0,0,0,0,0,0,1,1,1,0,6,6,0,0
1491,1491,1490,1492,1490,1491,0,0,0,0,0,0,0,0,1,1,1,0,6,6,0,0
1492,1492,1491,1493,1491,1492,0,0,0,0,0,0,0,0,1,1,1,0,6,6,0,0
1493,1493,1492,1494,1492,1493,0,0,0,0,0,0,0,0,1,1,1,0,6,6,0,0
1494,1494,1493,1495,1493,1494,0,0,0,0,0,0,0,0,1,1,1,0,6,6,0,0
1495,1495,1494,1496,1494,1495,0,0,0,0,0,0,0,0,1,1,1,0,6,6,0,0
1496,1496,1495,1497,1495,1496,0,0,0,0,0,0,0,0,1,1,1,0,6,6,0,0
1497,1497,1496,1498,1496,1497,0,0,0,0,0,0,0,0,1,1,1,0,6,6,0,0
1498,1498,1497,1499,1497,1498,0,0,0,0,0,0,0,0,1,1,1,0,6,6,0,0
1499,1499,1498,1500,1498,1499,0,0,0,0,0,0,0,0,1,1,1,0,6,6,0,0
1500,1500,1499,1501,1499,1500,0,0,0,0,0,0,0,0,1,1,1,0,6,6,0,0
1501,1501,1500,1502,1500,1501,0,0,0,0,0,0,0,0,1,1,1,0,6,6,0,0
1502,1502,1501,1503,1501,1502,0,0,0,0,0,0,0,0,1,1,1,0,6,6,0,0
1503,1503,1502,0,1502,1503,0,0,0,0,0,0,0,0,1,1,1,0,6,6,0,0
1504,1504,866,1505,1503,1504,0,0,0,0,0,0,0,0,1,1,1,0,6,6,0,0
1505,1505,1504,1506,1504,1505,0,0,0,0,0,0,0,0,1,1,1,0,6,6,0,0
1506,1506,1505,1507,1505,1506,0,0,0,0,0,0,0,0,1,1,1,0,6,6,0,0
1507,1507,1506,1508,1506,1507,0,0,0,0,0,0,0,0,1,1,1,0,6,6,0,0
1508,1508,1507,1509,1507,1508,0,0,0,0,0,0,0,0,1,1,1,0,6,6,0,0
1509,1509,1508,1510,1508,1509,0,0,0,0,0,0,0,0,1,1,1,0,6,6,0,0
1510,1510,1509,1511,1509,1510,0,0,0,0,0,0,0,0,1,1,1,0,6,6,0,0
1511,1511,1510,1512,1510,1511,0,0,0,0,0,0,0,0,1,1,1,0,6,6,0,0
1512,1512,1511,1513,1511,1512,0,0,0,0,0,0,0,0,1,1,1,0,6,6,0,0
1513,1513,1512,873,1512,1513,0,0,0,0,0,0,0,0,1,1,1,0,6,6,0,0
1514,1514,903,1515,1513,1514,0,0,0,0,0,0,0,0,1,1,1,0,6,6,0,0
1515,1515,1514,1516,1514,1515,0,0,0,0,0,0,0,0,1,1,1,0,6,6,0,0
1516,1516,1515,1517,1515,1516,0,0,0,0,0,0,0,0,1,1,1,0,6,6,0,0
1517,1517,1516,1518,1516,1517,0,0,0,0,0,0,0,0,1,1,1,0,6,6,0,0
1518,1518,1517,1519,1517,1518,0,0,0,0,0,0,0,0,1,1,1,0,6,6,0,0
1519,1519,1518,1520,1518,1519,0,0,0,0,0,0,0,0,1,1,1,0,6,6,0,0
1520,1520,1519,1521,1519,1520,0,0,0,0,0,0,0,0,1,1,1,0,6,6,0,0
1521,1521,1520,1522,1520,1521,0,0,0,0,0,0,0,0,1,1,1,0,6,6,0,0
1522,1522,1521,1523,1521,1522,0,0,0,0,0,0,0,0,1,1,1,0,6,6,0,0
1523,1523,1522,1524,1522,1523,0,0,0,0,0,0,0,0,1,1,1,0,6,6,0,0
1524,1524,1523,1525,1523,1524,0,0,0,0,0,0,0,0,1,1,1,0,6,6,0,0
1525,1525,1524,1526,1524,1525,0,0,0,0,0,0,0,0,1,1,1,0,6,6,0,0
1526,1526,1525,1527,1525,1526,0,0,0,0,0,0,0,0,1,1,1,0,6,6,0,0
1527,1527,1526,1528,1526,1527,0,0,0,0,0,0,0,0,1,1,1,0,6,6,0,0
1528,1528,1527,1529,1527,1528,0,0,0,0,0,0,0,0,1,1,1,0,6,6,0,0
1529,1529,1528,867,1528,1529,0,0,0,0,0,0,0,0,1,1,1,0,6,6,0,0
1530,1530,903,1531,1529,1530,0,0,0,0,0,0,0,0,1,1,1,0,6,6,0,0
1531,1531,1530,1532,1530,1531,0,0,0,0,0,0,0,0,1,1,1,0,6,6,0,0
1532,1532,1531,1533,1531,1532,0,0,0,0,0,0,0,0,1,1,1,0,6,6,0,0
1533,1533,1532,1534,1532,1533,0,0,0,0,0,0,0,0,1,1,1,0,6,6,0,0
1534,1534,1533,1535,1533,1534,0,0,0,0,0,0,0,0,1,1,1,0,6,6,0,0
1535,1535,1534,1536,1534,1535,0,0,0,0,0,0,0,0,1,1,1,0,6,6,0,0
1536,1536,1535,1537,1535,1536,0,0,0,0,0,0,0,0,1,1,1,0,6,6,0,0
1537,1537,1536,1538,1536,1537,0,0,0,0,0,0,0,0,1,1,1,0,6,6,0,0
1538,1538,1537,1539,1537,1538,0,0,0,0,0,0,0,0,1,1,1,0,6,6,0,0
1539,1539,1538,904,1538,1539,0,0,0,0,0,0,0,0,1,1,1,0,6,6,0,0
1540,1540,949,1541,1539,1540,0,0,0,0,0,0,0,0,1,1,1,0,6,6,0,0
1541,1541,1540,1542,1540,1541,0,0,0,0,0,0,0,0,1,1,1,0,6,6,0,0
1542,1542,1541,1543,1541,1542,0,0,0,0,0,0,0,0,1,1,1,0,6,6,0,0
1543,1543,1542,1544,1542,1543,0,0,0,0,0,0,0,0,1,1,1,0,6,6,0,0
1544,1544,1543,1545,1543,1544,0,0,0,0,0,0,0,0,1,1,1,0,6,6,0,0
1545,1545,1544,1546,1544,1545,0,0,0,0,0,0,0,0,1,1,1,0,6,6,0,0
1546,1546,1545,1547,1545,1546,0,0,0,0,0,0,0,0,1,1,1,0,6,6,0,0
1547,1547,1546,1548,1546,1547,0,0,0,0,0,0,0,0,1,1,1,0,6,6,0,0
1548,1548,1547,1549,1547,1548,0,0,0,0,0,0,0,0,1,1,1,0,6,6,0,0
1549,1549,1548,1550,1548,1549,0,0,0,0,0,0,0,0,1,1,1,0,6,6,0,0
1550,1550,1549,1551,1549,1550,0,0,0,0,0,0,0,0,1,1,1,0,6,6,0,0
1551,1551,1550,1552,1550,1551,0,0,0,0,0,0,0,0,1,1,1,0,6,6,0,0
1552,1552,1551,1553,1551,1552,0,0,0,0,0,0,0,0,1,1,1,0,6,6,0,0
1553,1553,1552,1554,1552,1553,0,0,0,0,0,0,0,0,1,1,1,0,6,6,0,0
1554,1554,1553,1555,1553,1554,0,0,0,0,0,0,0,0,1,1,1,0,6,6,0,0
1555,1555,1554,873,1554,1555,0,0,0,0,0,0,0,0,1,1,1,0,6,6,0,0
1556,1556,949,1557,1555,1556,0,0,0,0,0,0,0,0,1,1,1,0,6,6,0,0
1557,1557,1556,1558,1556,1557,0,0,0,0,0,0,0,0,1,1,1,0,6,6,0,0
1558,1558,1557,1559,1557,1558,0,0,0,0,0,0,0,0,1,1,1,0,6,6,0,0
1559,1559,1558,1560,1558,1559,0,0,0,0,0,0,0,0,1,1,1,0,6,6,0,0
1560,1560,1559,1561,1559,1560,0,0,0,0,0,0,0,0,1,1,1,0,6,6,0,0
1561,1561,1560,1562,1560,1561,0,0,0,0,0,0,0,0,1,1,1,0,6,6,0,0
1562,1562,1561,1563,1561,1562,0,0,0,0,0,0,0,0,1,1,1,0,6,6,0,0
1563,1563,1562,1564,1562,1563,0,0,0,0,0,0,0,0,1,1,1,0,6,6,0,0
1564,1564,1563,1565,1563,1564,0,0,0,0,0,0,0,0,1,1,1,0,6,6,0,0
1565,1565,1564,0,1564,1565,0,0,0,0,0,0,0,0,1,1,1,0,6,6,0,0
1566,1566,0,1567,1565,1566,0,0,0,0,0,0,0,0,1,1,1,0,6,6,0,0
1567,1567,1566,1568,1566,1567,0,0,0,0,0,0,0,0,1,1,1,0,6,6,0,0
1568,1568,1567,1569,1567,1568,0,0,0,0,0,0,0,0,1,1,1,0,6,6,0,0
1569,1569,1568,1570,1568,1569,0,0,0,0,0,0,0,0,1,1,1,0,6,6,0,0
1570,1570,1569,1571,1569,1570,0,0,0,0,0,0,0,0,1,1,1,0,6,6,0,0
1571,1571,1570,1572,1570,1571,0,0,0,0,0,0,0,0,1,1,1,0,6,6,0,0
1572,1572,1571,1573,1571,1572,0,0,0,0,0,0,0,0,1,1,1,0,6,6,0,0
1573,1573,1572,1574,1572,1573,0,0,0,0,0,0,0,0,1,1,1,0,6,6,0,0
1574,1574,1573,1575,1573,1574,0,0,0,0,0,0,0,0,1,1,1,0,6,6,0,0
1575,1575,1574,1576,1574,1575,0,0,0,0,0,0,0,0,1,1,1,0,6,6,0,0
1576,1576,1575,1577,1575,1576,0,0,0,0,0,0,0,0,1,1,1,0,6,6,0,0
1577,1577,1576,1578,1576,1577,0,0,0,0,0,0,0,0,1,1,1,0,6,6,0,0
1578,1578,1577,1579,1577,1578,0,0,0,0,0,0,0,0,1,1,1,0,6,6,0,0
1579,1579,1578,1580,1578,1579,0,0,0,0,0,0,0,0,1,1,1,0,6,6,0,0
1580,1580,1579,1581,1579,1580,0,0,0,0,0,0,0,0,1,1,1,0,6,6,0,0
1581,1581,1580,904,1580,1581,0,0,0,0,0,0,0,0,1,1,1,0,6,6,0,0
